source,author,title,description,content,url,published_at
Al Jazeera English,Shola Lawal,Why are humanitarian crises in African countries so ignored?,The latest Most Neglected Crises report on world's most invisible humanitarian emergencies lists African nations first.,"African countries have again topped the list of the worlds most ignored crises, with nearly all of the worst-funded humanitarian challenges located in the continent in 2024, according to a new study … [+12532 chars]",https://www.aljazeera.com/news/2025/6/3/why-are-humanitarian-crises-in-african-countries-so-ignored,2025-06-03 08:05:37+00:00
Biztoc.com,benzinga.com,Bill Gates Commits Majority Of $200 Billion Foundation Budget To Africa Over Next 20 Years Amid Trump's Massive USAID Cuts,"Tech Billionaire Bill Gates, Chair of the Gates Foundation, has committed to allocating the majority of the foundation’s $200 billion spend over the next two decades to Africa. The announcement was made during his address at the African Union’s Nelson Mandela…","Tech Billionaire Bill Gates, Chair of the Gates Foundation, has committed to allocating the majority of the foundations $200 billion spend over the next two decades to Africa. The announcement was ma… [+143 chars]",https://biztoc.com/x/ea37e5afbc57516f,2025-06-03 07:15:41+00:00
DW (English),Jon Shelton,Bill Gates to give most of $200 billion fund to Africa,Bill Gates has urged African leaders to join him in advancing health and development on the continent. He says his foundation will partner with nations putting people's health first. US billionaire Bill Gates on Tuesday announced that the majority of his phil…,"US billionaire Bill Gates on Tuesday announced that the majority of his philanthropic Gates Foundation's $200 billion (175 billion) endowment will be spent in Africa over the next two decades.
Gates… [+4070 chars]",https://www.dw.com/en/bill-gates-to-give-most-of-200-billion-fund-to-africa/a-72769394,2025-06-03 07:09:00+00:00
Israelnationalnews.com,Anjuli Pandavar,Ideological wars do NOT end in deals,"This is so even if the leader of the Free World believes otherwise. It seems the deal is Trump’s Achilles heel, one that readily steps on friends.  Opinion.","Dr Anjuli Pandavaris a British writer and social critic who holds a PhD in political economy. She was born into a Muslim family in apartheid South Africa, where she left Islam in 1979. Anjuli is prep… [+12997 chars]",https://www.israelnationalnews.com/news/409356,2025-06-03 06:42:18+00:00
Americanthinker.com,,What is America’s obligation to keep the rest of the world alive?,"The Pax Romana was a two-hundred-year period during which Rome’s influence led to a time of relative peace and prosperity as BC transitioned to AD. It wasn’t a Roman welfare program that did it. It was that Rome, by creating a stable empi...",The Pax Romana was a two-hundred-year period during which Rome’s influence led to a time of relative peace and prosperity as BC transitioned to AD. It wasn’t a Roman welfare program that did it. It w… [+3252 chars],https://www.americanthinker.com/blog/2025/06/what_is_america_s_obligation_to_keep_the_rest_of_the_world_alive.html,2025-06-03 04:00:00+00:00
Israelnationalnews.com,Israel National News,'USAID' paperwork found in car of Colorado terror attack suspect,Mohamed Sabry Soliman told law enforcement officials that he would conduct the attack again.,"Paperwork with the word ""USAID"" was found in the car of Mohamed Sabry Soliman, who was accused of allegedly throwing the explosives at the attack in Boulder, Colorado.
According to Fox News, an arre… [+414 chars]",https://www.israelnationalnews.com/news/409346,2025-06-03 03:18:16+00:00
Activistpost.com,Editor,US Reinstates Funding to Propaganda Outlet NED,"National Endowment for Democracy weaponizes “democracy” in Venezuela, Nicaragua and Cuba The brief freeze and rapid partial reinstatement of National Endowment for Democracy (NED) funding in early 2025 helped expose it as a US regime-change tool. Created to r…","National Endowment for Democracy weaponizes democracy in Venezuela, Nicaragua and Cuba
The brief freeze and rapid partial reinstatement of National Endowment for Democracy (NED) funding in early 202… [+9571 chars]",https://www.activistpost.com/us-reinstates-funding-to-propaganda-outlet-ned/,2025-06-03 02:45:00+00:00
Mail.ru,Диана Дьякова,Билл Гейтс решил направить значительную часть состояния на помощь Африке,"Гейтс обязался вложить в свой благотворительный фонд на следующие 20 лет $200 млрд — и наибольшая часть этих средств пойдет на проекты в Африке, пообещал он.","Financial Times   Forbes ( $420 )  « » -    (USAID).
    (DOGE), . USAID, 80% .   ,       .",https://news.mail.ru/politics/66408257/,2025-06-03 02:06:47+00:00
Freerepublic.com,Fox News,'USAID' paperwork found in car of Boulder terror attack suspect targeting pro-Israel group,"Paperwork with the word ""USAID"" was found in the car of Mohamed Sabry Soliman, who's accused of allegedly throwing explosives at a group in Boulder, Colorado, peacefully protesting for the release of Hamas' hostages. The incident happened on Sunday as the pro…","Skip to comments.
'USAID' paperwork found in car of Boulder terror attack suspect targeting pro-Israel groupFox News ^
 | June 2, 2025
 | Adam Sabes
Posted on 06/02/2025 6:37:29 PM PDT by Navy Pa… [+1999 chars]",https://freerepublic.com/focus/f-news/4320649/posts,2025-06-03 01:37:29+00:00
STERN.de,Yannik Schüller,Microsoft-Gründer: Wohin Bill Gates den Großteil seines Milliarden-Vermögen spenden will,"Was tun, wenn Geld so selbstverständlich wie Luft zum Atmen ist? Der Tech-Milliardär Bill Gates hat für sich eine Antwort gefunden: verschenken. Jetzt ist auch klar, an wen.","Kopiere den aktuellen Link
Zur Merkliste hinzufügen
Was tun, wenn Geld so selbstverständlich wie Luft zum Atmen ist? Der Tech-Milliardär Bill Gates hat für sich eine Antwort gefunden: verschenken. … [+2989 chars]",https://www.stern.de/panorama/-wem-bill-gates-den-grossteil-seines-milliarden-vermoegen-schenken-will-35775760.html,2025-06-03 01:15:00+00:00
Erickimphotography.com,ERIC KIM,Vision.,"So it looks like we have crossed the chasm in which honestly… It looks like we bitcoin trillionaire’s will thrive indefinitely. Michael Saylor is the high priest of the bitcoin Crusade, and he is unstoppable. He’s like a runaway train, which refuses to stop. …","So it looks like we have crossed the chasm in which honestly It looks like we bitcoin trillionaires will thrive indefinitely. Michael Saylor is the high priest of the bitcoin Crusade, and he is unsto… [+4761 chars]",https://erickimphotography.com/blog/2025/06/02/vision-8/,2025-06-03 00:10:15+00:00
Fox News,Sarah Rumpf-Whitten,Boulder suspect spent a year planning Molotov cocktail attack on pro-Israel march: docs,"Mohamed Sabry Soliman allegedly planned a terror attack on a pro-Israel march in Boulder, citing Zionist threats, resulting in twelve injuries and federal hate crime charges.","The Boulder, Colorado domestic terrorism suspect spent a year preparing to hurl Molotov cocktails into a peaceful pro-Israel march, court documents revealed.
Mohamed Sabry Soliman, an Egyptian natio… [+3041 chars]",https://www.foxnews.com/us/boulder-suspect-spent-year-planning-molotov-cocktail-attack-pro-israel-march-docs,2025-06-02 23:00:02+00:00
MSNBC,Eoin Higgins,The end of Elon Musk's Washington tenure should be the beginning of his reckoning,"Elon Musk has left the White House and the Department of Government Efficiency, and Democrats should investigate his tenure as soon as they control Congress.","Elon Musk has formally left the White House and the Department of Government Efficiency, as he attempts to reset his image from haphazard budget slasher back to supposed tech visionary. Whether he ac… [+5740 chars]",https://www.msnbc.com/opinion/msnbc-opinion/elon-musk-doge-democrats-accountable-trump-administration-rcna210373,2025-06-02 22:11:49+00:00
Fox News,Adam Sabes,'USAID' paperwork found in car of Boulder terror attack suspect targeting pro-Israel group,"Paperwork that reads ""USAID"" was found inside the car of Mohamed Sabry Soliman, who's accused of throwing explosives at pro-Israel protesters in Boulder, Colorado.","Paperwork with the word ""USAID"" was found in the car of Mohamed Sabry Soliman, who's accused of allegedly throwing explosives at a group in Boulder, Colorado, peacefully protesting for the release of… [+3518 chars]",https://www.foxnews.com/us/usaid-paperwork-found-car-boulder-terror-attack-suspect-targeting-pro-israel-group,2025-06-02 22:08:39+00:00
BBC News,https://www.facebook.com/bbcnews,A controversa organização apoiada por EUA e Israel no centro de incidentes com morte em distribuição de comida em Gaza,"O que sabemos sobre a controversa agência humanitária GHF, que começou a distribuir ajuda no sul de Gaza?","Crédito, Reuters
Legenda da foto, Caminhões transportando ajuda humanitária com a marca da GHF são vistos na passagem de Kerem Shalom entre Israel e Gaza, no lado israelense
Um ""fluxo de vítimas em… [+9213 chars]",https://www.bbc.com/portuguese/articles/c20qjyzenlwo,2025-06-02 21:38:11+00:00
ABC News (AU),ABC News,Colorado terror attack suspect charged with hate crime,FBI documents allege Mohamed Sabry Soliman used a makeshift flamethrower and threw Molotov cocktails at a pro-Israel group in an attack he says he planned for more than a year.,"A man accused of throwing Molotov cocktails at a pro-Israel group in Colorado had planned the alleged terror attack for more than a year and has been charged with a federal hate crime, according to c… [+7816 chars]",https://www.abc.net.au/news/2025-06-03/colorado-terror-attack-suspect-charged-with-us-hate-crime/105369384,2025-06-02 20:27:20+00:00
Fox News,Elizabeth Elkind,SCOOP: House Freedom Caucus draws battle lines as White House readies $9.4B DOGE spending cuts,"The conservative House Freedom Caucus is demanding a swift vote on the impending White House spending cuts package targeting USAID, NPR, and PBS.",FIRST ON FOX: The House Freedom Caucus is demanding the House of Representatives vote on the White Houses impending $9.4 billion federal spending cut proposal the same week it lands on Capitol Hill.… [+4301 chars],https://www.foxnews.com/politics/scoop-house-freedom-caucus-draws-battle-lines-white-house-readies-9-4b-doge-spending-cuts,2025-06-02 19:40:30+00:00
The Jerusalem Post,BY DANIEL FREEDMAN,How closing Arab refugee camps would undercut the global intifada,Solving the broader refugee problem would pave the way for more countries to make peace with Israel and would expand the accords more rapidly.,"Following a second attack in as many weeks on Jews in the US by terrorists yelling “Free Palestine,” there’s a bold path President Trump could take to both outflank the anti-Israel movement just as (… [+6651 chars]",https://www.jpost.com/opinion/article-856305,2025-06-02 19:10:55+00:00
Expansion.com,Sergio Saiz,Los tribunales de EEUU bloquean los grandes planes de Trump,"El presidente de EEUU se ha encontrado con una férrea oposición a su agenda política, impugnada ante la Justicia, que está dando la razón a los demandantes y, al mismo tiempo, limitando el poder del inquilino del Despacho Oval. Leer","El presidente de EEUU se ha encontrado con una férrea oposición a su agenda política, impugnada ante la Justicia, que está dando la razón a los demandantes y, al mismo tiempo, limitando el poder del … [+14298 chars]",https://www.expansion.com/juridico/actualidad-tendencias/2025/06/02/683dd4dce5fdea365a8b4575.html,2025-06-02 18:45:11+00:00
Abril.com.br,Felipe Branco Cruz,Eleitores de Trump criticam Bono após participação do músico em podcast,Vocalista do U2 participou do podcast de Joe Rogan e criticou o desmantelamento do USAID e as ações de Elon Musk,"Namorados: Assine Digital Completo por 1,99
Bono Vox, vocalista do U2, em cena do documentário Bono - Histórias de ""Surrender"" (Apple TV+/Divulgação)
Continua após publicidade
A participação de qu… [+1767 chars]",https://veja.abril.com.br/coluna/o-som-e-a-furia/eleitores-de-trump-criticam-bono-apos-participacao-do-musico-em-podcast/,2025-06-02 18:41:00+00:00
Viomundo.com.br,Redação,Max Blumenthal e Wyatt Reed: Mossad é o grande financiador da “Fundação Humanitária de Gaza”,"Rede de empresas mercenárias que Israel usa para substituir Nações Unidas na alimentação dos palestinos
O post Max Blumenthal e Wyatt Reed: Mossad é o grande financiador da “Fundação Humanitária de Gaza” apareceu primeiro em Viomundo.","Mossad é o grande financiador da Fundação Humanitária de Gaza
Fundada em fevereiro deste ano na Suíça sob um véu de mistério, ela funciona como um guarda-chuva para uma rede de empresas mercenárias … [+12074 chars]",https://www.viomundo.com.br/denuncias/max-blumenthal-e-wyatt-reed-mossad-e-o-grande-financiador-da-fundacao-humanitaria-de-gaza.html,2025-06-02 18:25:24+00:00
Www.vg.no,Isak Løve Pilskog Loe,FBI: Mohamed Sabry Soliman siktet for hatkriminalitet,Åtte personer ble skadet da en mann kastet brannbomber mot en gruppe som støttet israelske gisler i Gaza.,"FBI sier han hadde planlagt angrepet i ett år.
Mohamed Sabry Soliman (45) hadde med seg minst 14 ubrukte molotovcocktails da han ble pågrepet etter angrepet i Boulder, Colorado søndag. Blant de skad… [+3501 chars]",https://www.vg.no/nyheter/i/Xj0WX7/fbi-mohamed-sabry-soliman-siktet-for-hatkriminalitet,2025-06-02 18:22:24+00:00
Eldiario.es,Andrés Gil,Acusado de delito de odio el detenido por el ataque a una marcha en Colorado por los rehenes de Hamás,"El sospechoso, Mohammed Sabry Soliman, de 45 años, declaró a la policía que llevaba un año planeando el ataque y que eligió como objetivo lo que describió como el “grupo sionista”, según el FBI
Un detenido y ocho heridos tras un ataque en Colorado, calificad…",Acusado de delito de odio el hombre detenido por atacar con un lanzallamas casero a manifestantes en Colorado que pedían la liberación de los rehenes en manos de Hamás desde el 7 de octubre de 2023. … [+3011 chars],https://www.eldiario.es/internacional/acusado-delito-odio-detenido-ataque-marcha-colorado-rehenes-hamas_1_12350809.html,2025-06-02 18:18:48+00:00
Expresso.pt,BLITZ,"Bono foi ao podcast de Joe Rogan criticar os cortes de Elon Musk à ajuda humanitária: “És um mentiroso e um idiota”, respondeu o magnata","<p>Bono, vocalista dos U2, foi recentemente convidado do podcast de Joe Rogan, tendo aí criticado os cortes à USAID, agência governamental norte-americana de ajuda humanitária: Elon Musk não gostou</p>","Bono passou recentemente pelo podcast de Joe Rogan para promover o seu novo documentário, Stories of Surrender, tendo deixado críticas ao novo governo de Donald Trump e, sobretudo, a Elon Musk.
Os a… [+973 chars]",https://expresso.pt/blitz/2025-06-02-bono-foi-ao-podcast-de-joe-rogan-criticar-os-cortes-de-elon-musk-a-ajuda-humanitaria-es-um-mentiroso-e-um-idiota-respondeu-o-magnata-a142c990,2025-06-02 18:09:38+00:00
TheJournal.ie,Press Association,Suspect in Colorado flamethrower attack told police he targeted ‘Zionist group’,An FBI affidavit says Mohammed Sabry Soliman confessed to the attack after being taken into custody on Sunday.,"LAST UPDATE|20 mins ago
A MAN ACCUSED of using a makeshift flamethrower and an incendiary device to attack a US group bringing attention to Israeli hostages in Gaza has been charged with a federal h… [+5691 chars]",https://www.thejournal.ie/colorado-flamethrower-attack-israel-6721553-Jun2025/,2025-06-02 18:05:00+00:00
Legalinsurrection.com,Mary Chastain,‘Kill All Zionist People’: Colorado Terror Suspect Charged With Federal Hate Crime,"The two charges recommend a a maximum of 10 years in prison.
The post ‘Kill All Zionist People’: Colorado Terror Suspect Charged With Federal Hate Crime first appeared on Le·gal In·sur·rec·tion.","The FBI charged Mohamed Sabry Soliman with a federal hate crime following the terror attack on a pro-Israel group in Boulder, CO.
The charging documents recommended charging Saliman for violating 18… [+4180 chars]",https://legalinsurrection.com/2025/06/fbi-charges-colorado-terror-suspect-soliman-with-federal-hate-crime/,2025-06-02 18:04:59+00:00
Xataka.com,Alba Otero,"Hay una tercera vía entre comer carne y el vegetarianismo: se llama ""pescetarismo"" y la infanta Cristina ya lo practica","Dejar la carne de un día para otro para hacerse vegetariano no es sencillo, sobre todo cuando culturalmente la carne está tan integrada. Cambiar eso implica mucho más que tachar un ingrediente del plato. Por eso, para muchas personas, dar el salto hacia una a…","Dejar la carne de un día para otro para hacerse vegetariano no es sencillo, sobre todo cuando culturalmente la carne está tan integrada. Cambiar eso implica mucho más que tachar un ingrediente del pl… [+3211 chars]",https://www.xataka.com/medicina-y-salud/infanta-cristina-ha-dejado-carne-no-sushi-asi-auge-pescetarismo,2025-06-02 18:01:49+00:00
EURACTIV,Jasper Steinlein,Germany puts shrunken development aid budget to the test,"Germany strives to reshape its development aid program into a system of mutual benefit deals amidst societal backlash, while it urgently needs development aid for its own goals.","With an anti-globalist backlash in parts of German society and wider budget concerns as the economy stagnates, the development aid sector is facing stiff headwinds. Federal minister Reem Alabali-Rado… [+4880 chars]",https://www.euractiv.com/section/economy-jobs/news/germany-puts-shrunken-development-aid-budget-to-the-test/,2025-06-02 17:43:47+00:00
New York Post,"Joe Marino, Chris Nesi","Boulder, Colorado firebomb madman hit with hate crime charges, said he plotted antisemitic attack on peaceful marchers for a year: feds","The suspect in Colorado’s horrific antisemitic firebombing planned the attack for more than a year and admitted to cops he wanted to kill Jews, the feds said Monday — as they hit him with hate-crime charges. Mohamed Sabry Soliman, 45, who was in the US illega…","The suspect in Colorados horrific antisemitic firebombing planned the attack for more than a year and admitted to cops he wanted to kill Jews, the feds said Monday as they hit him with hate-crime cha… [+3303 chars]",https://nypost.com/2025/06/02/us-news/boulder-colo-terror-suspect-mohamed-sabry-soliman-plotted-antisemitic-attack-for-1-year-feds/,2025-06-02 17:32:17+00:00
Fox News,Audrey Conklin,"Boulder terror attack suspect said he wanted to kill 'all Zionist people,' used Molotov cocktails: feds","Mohamed Sabry Soliman, an Egyptian man in the US illegally, charged with hate crime for Boulder attack using Molotov cocktails at a pro-Israel event, injuring eight.","Federal officials have charged Boulder, Colorado, terrorist attack suspect Mohamed Sabry Solamin with a hate crime involving actual or perceived race, religion, or national origin.
Soliman, 45, was … [+4352 chars]",https://www.foxnews.com/us/boulder-terror-attack-suspect-said-he-wanted-kill-all-zionist-people-used-molotov-cocktails-feds,2025-06-02 17:31:11+00:00
Freerepublic.com,Real Clear Politics,David Brooks Likens Musk to Pol Pot and Stalin: Being Responsible For The Deaths Of Millions Of People Will Be His Legacy,"DAVID BROOKS, NEW YORK TIMES: Yes, I'm not sure it was wreckage. There was wreckage if you're at NIH. There are wreckage at certain agencies, but the guy only saved $65 billion out of a multitrillion-dollar budget. So, as a budget matter, you would not say he…","Skip to comments.
David Brooks Likens Musk to Pol Pot and Stalin: Being Responsible For The Deaths Of Millions Of People Will Be His LegacyReal Clear Politics ^
 | 5/31/25
 | Ian Schwartz
Posted … [+6498 chars]",https://freerepublic.com/focus/f-chat/4320523/posts,2025-06-02 15:18:08+00:00
Conjur.com.br,Sem autor,American Bar Association pede apoio de advogados contra ataques de Trump,"O presidente da American Bar Association, William R. Bay, se manifestou nas redes sociais da instituição sobre os ataques recentes de Donald Trump contra a associação. A ABA, que funciona como a ordem dos advogados dos Estados Unidos, está sendo atacada por T…","O presidente da American Bar Association, William R. Bay, se manifestou nas redes sociais da instituição sobre os ataques recentes de Donald Trump contra a associação. A ABA, que funciona como a orde… [+2005 chars]",https://www.conjur.com.br/2025-jun-02/american-bar-association-pede-apoio-de-advogados-contra-ataques-de-trump/,2025-06-02 14:57:08+00:00
Globalresearch.ca,Dr. Jack Rasmus,"‘Twilight of American Imperialism’, Introductory Chapter. Dr. Jack Rasmus","There is an emerging debate whether the US Empire is about to collapse or in decline (or neither).
The post ‘Twilight of American Imperialism’, Introductory Chapter. Dr. Jack Rasmus appeared first on Global Research.","There is an emerging debate whether the US Empire is about to collapse or in decline (or neither). In my forthcoming book, Twilight of American Imperialism, forthcoming this fall this debate is discu… [+61684 chars]",https://www.globalresearch.ca/intro-chapter-twilight-american-imperialism/5889249,2025-06-02 14:46:16+00:00
Dianeravitch.net,dianeravitch,Heather Cox Richardson: Trump and Musk Are Destroying the Government,"Heather Cox Richardson demonstrates the negative effects of Elon Musk’s DOGS, which protected his interests and saved little, if any, money. With Trump’s “big, beautiful” tax plan, the deficit will increase by $4-5 trillion, so Musk’s chainsaw contributed not…","Heather Cox Richardson demonstrates the negative effects of Elon Musk’s DOGS, which protected his interests and saved little, if any, money. With Trump’s “big, beautiful” tax plan, the deficit will i… [+15126 chars]",https://dianeravitch.net/2025/06/02/heather-cox-richardson-trump-and-musk-are-destroying-the-government/,2025-06-02 14:00:00+00:00
Faz.net,Julian Staib,In Hamburg will man dem Erodieren der Hilfe etwas entgegensetzen,Selten waren die Zeiten für internationale Zusammenarbeit so schlecht wie heute. Auf der Hamburger Nachhaltigkeitskonferenz will man dem etwas entgegensetzen.,Der Rückzug der USA aus der internationalen Hilfe hat nach Angaben der neuen Entwicklungsministerin Reem Alabali-Radovan (SPD) lebensbedrohliche Folgen für viele Menschen weltweit. Vor dem Hintergrun… [+3043 chars],https://www.faz.net/aktuell/politik/inland/nachhaltigkeitskonferenz-in-hamburg-110512882.html,2025-06-02 13:20:40+00:00
Sky.com,Yousra Elbagir,Peaceful sanctuary for traumatised chimps threatened by illegal human land grab,There is a distinct moment when the tranquillity of the Tacugama Chimpanzee Sanctuary envelops our car as we drive higher up the mountain.,"There is a distinct moment when the tranquillity of the Tacugama Chimpanzee Sanctuary envelops our car as we drive higher up the mountain.
The buzz of Freetown gives way to the hushed calm of this p… [+6032 chars]",https://news.sky.com/story/famous-chimpanzee-sanctuary-faces-existential-threat-from-illegal-land-grab-13378202,2025-06-02 12:32:00+00:00
Globalresearch.ca,Dr. Paul Craig Roberts,Soon Truth Will be Too Costly to Tell. Paul C. Roberts,"June is upon us, and it is time for my quarterly appeal for support from the website’s readers.  
For 15 years this website has been providing alternative information to the concocted false narratives that disguise secret agendas. For example, 9/11 …
The post…","June is upon us, and it is time for my quarterly appeal for support from the websites readers.  
For 15 years this website has been providing alternative information to the concocted false narrative… [+6151 chars]",https://www.globalresearch.ca/soon-truth-too-costly-paul-c-roberts/5889186,2025-06-02 12:16:08+00:00
Libertaddigital.com,Andrea Echeverria,Del anime al reguetón: los nombres que ya aparecen en el registro civil español,"A la hora de escoger nombre, los padres prefieren algo más moderno y dejan atrás los compuestos y tradicionales que se usaban en el pasado.","El Instituto Nacional de Estadística (INE), ha lanzado este jueves la lista de los nombres más utilizados para los recién nacidos en España. El nombre femenino más popular es Lucía, mientras que entr… [+3220 chars]",https://www.libertaddigital.com/sociedad/2025-06-02/los-nombres-mas-populares-entre-los-recien-nacidos-son-lucia-y-hugo-7260185/,2025-06-02 11:02:09+00:00
The Cut,Danya Issawi,Tesla Drivers Know You’re Judging Them,"Driving a Tesla was once a status symbol. Now, thanks to Elon Musk going full MAGA alongside Donald Trump, it’s seen as cringe.","There are few more jarring sights in New York City than a Cybertruck. Their sharp corners and general air of menace are at odds with the citys other, more charming street trash. My friend Ali told me… [+9711 chars]",http://www.thecut.com/article/tesla-drivers-know-youre-judging-them.html,2025-06-02 11:00:22+00:00
TechCabal,Adonijah Ndege,Kenya plans to relocate health data from the US after USAID cuts,Kenya is preparing to move critical health data hosted in the United States following cuts to USAID funding by President Donald Trump.,Kenya is preparing to move critical health data currently hosted in the United States following President Donald Trump’s cuts to the United States Agency for International Development (USAID) funding… [+2866 chars],https://techcabal.com/2025/06/02/kenya-health-data-usaid-trump-funding/,2025-06-02 10:53:32+00:00
Eleconomista.es,elEconomista.es,"Adiós a Acracia o Frumencio y hola a Aizal o Usayd: estos son los nombres que llegan y que desaparecen en España, según el INE","María Carmen y Antonio son los nombres más frecuentes en España, mientras que Lucía y Alejandro son los más comunes si se tiene en cuenta solo a aquellos nacidos desde el año 2000, según los últimos datos del Instituto Nacional de Estadística (INE), publicado…","María Carmen y Antonio son los nombres más frecuentes en España, mientras que Lucía y Alejandro son los más comunes si se tiene en cuenta solo a aquellos nacidos desde el año 2000, según los últimos … [+2523 chars]",https://www.eleconomista.es/actualidad/noticias/13393968/06/25/adios-a-acracia-o-frumencio-y-hola-a-aizal-o-usayd-estos-son-los-nombres-que-llegan-y-que-desaparecen-en-espana-segun-el-ine.html,2025-06-02 10:28:32+00:00
Voxeurop.eu,f_barca,"Why Europe must support independent journalism in (and about) Ukraine, Belarus and Russia","Dekoder and RAAM, two specialised publications on Eastern Europe, have appealed to the European Union, urging it to provide effective support for threatened media outlets in those countries, particularly in light of the US's decision to cut off foreign aid.","Independent Russian and Belarusian media outlets, forced into exile, and Ukrainian media outlets, making an essential contribution to resistance against Russia's war of aggression and to upholding de… [+4196 chars]",https://voxeurop.eu/en/europe-support-independent-journalism-ukraine-belarus-russia/,2025-06-02 10:25:35+00:00
Activistpost.com,Editor,"BBC’s ‘independent’ Russian partner begged UK govt for funds, files show","Leaked documents show the supposedly self-reliant anti-Kremlin outlet Mediazona asked the UK gov’t for £300,000. With foreign funding drying up, the “independent” news site now faces financial crisis. Mediazona, the self-styled “independent” Russian outlet wh…","Mediazona, the self-styled independent Russian outlet which partners with the BBC to track the deaths of Russian troops, requested hundreds of thousands of pounds directly from the British government… [+12540 chars]",https://www.activistpost.com/bbcs-independent-russian-partner-begged-uk-govt-for-funds-files-show/,2025-06-02 10:00:00+00:00
Meneame.net,Yorga77,"El legado de Elon Musk es enfermedad, hambre y muerte","Hay una publicación de Elon Musk en X, su plataforma de medios sociales, que debería definir su legado. “Hemos pasado el fin de semana metiendo a USAID en la trituradora de madera”, escribió el 3 de febrero. Podría haber “ido a unas fiestas estupendas. En vez…","Por supuesto que se acordaran de el bueno en realidad de su madre y muertos. Bueno ahora en serio el Muskito lo único que a conseguido es que ahora los chalados del proyecto 2025, puedan hacer cualqu… [+147 chars]",https://www.meneame.net/m/politica/legado-elon-musk-enfermedad-hambre-muerte,2025-06-02 05:57:55+00:00
Common Dreams,Abby Zimet,A Receipt For Your Humanity: Actual Waste and Abuse,"Finally. This week the ""worst ultra-billionaire on earth,"" higher than any of his SpaceX rockets ever got, lurched to the end of his rampage through humane governance, leaving in his feckless, malignant wake unparalleled devastation - agencies ravaged, servic…","Finally. Last week, the ""worst ultra-billionaire on earth,"" higher than any of his SpaceX rockets ever got, lurched to the end of his rampage through humane governance, leaving in his feckless, malig… [+8386 chars]",https://www.commondreams.org/further/a-receipt-for-your-humanity-actual-waste-and-abuse,2025-06-02 05:16:51+00:00
STERN.de,STERN.de,Diplomatie: Ministerin Alabali-Radovan eröffnet Nachhaltigkeitskonferenz,"Bis 2030 soll kein Mensch mehr hungern müssen. Über die schwer erreichbaren Ziele der Weltgemeinschaft beratschlagen am Montag und Dienstag Politiker, Experten und Manager in Hamburg.","Kopiere den aktuellen Link
Zur Merkliste hinzufügen
Bis 2030 soll kein Mensch mehr hungern müssen. Über die schwer erreichbaren Ziele der Weltgemeinschaft beratschlagen am Montag und Dienstag Polit… [+2601 chars]",https://www.stern.de/gesellschaft/regional/hamburg-schleswig-holstein/diplomatie--ministerin-alabali-radovan-eroeffnet-nachhaltigkeitskonferenz-35772844.html,2025-06-02 03:30:36+00:00
Die Zeit,ZEIT ONLINE: News -,Diplomatie: Ministerin Alabali-Radovan eröffnet Nachhaltigkeitskonferenz,Hier finden Sie Informationen zu dem Thema „Diplomatie“. Lesen Sie jetzt „Ministerin Alabali-Radovan eröffnet Nachhaltigkeitskonferenz“.,"Politiker, Vertreter internationaler Organisationen und Manager beratschlagen am Montag und Dienstag in Hamburg über das Erreichen der globalen Nachhaltigkeitsziele. Zur zweiten Hamburger Nachhaltigk… [+2685 chars]",https://www.zeit.de/news/2025-06/02/ministerin-alabali-radovan-eroeffnet-nachhaltigkeitskonferenz,2025-06-02 03:30:36+00:00
Www.nzz.ch,Samuel Misteli (smi),«Der Teufel kommt auch hierher zu euch»: Westliche Anti-LGBT-Aktivisten auf Mission in Afrika,Christliche Fundamentalisten aus den USA und Europa beeinflussen die Politik afrikanischer Länder seit langem. Dank dem amerikanischen Präsidenten Trump spüren sie Rückenwind. Eine Tagung in Kenya öffnet den Blick in bigotte Zirkel.,"Feindbild für die Gotteskrieger: Eine Pro-LGBT-Kundgebung in Kenyas Hauptstadt Nairobi.
Der Teufel hat hier viele Gestalten: Die Gender-Ideologie. Die Transgender-Bewegung. Feministinnen. Sexualaufk… [+12820 chars]",https://www.nzz.ch/international/anti-lgbt-konferenz-in-afrika-christliche-fundamentalisten-warnen-ld.1884628,2025-06-02 03:30:00+00:00
Fox News,David Spector,NY Times columnist compares Elon Musk to history’s worst murderers over USAID cuts,New York Times columnist David Brooks implied that Tesla CEO Elon Musk may belong on a list of history's greatest murderers after DOGE cuts allegedly led to hundreds of thousands of deaths.,"New York Times columnist David Brooks suggested Elon Musk belongs on a list of historys greatest mass murderers, including Pol Pot, Mao and Stalin due to DOGES cuts to USAID. 
""So far, 55,000 adults… [+3751 chars]",https://www.foxnews.com/media/ny-times-columnist-compares-elon-musk-historys-worst-murderers-over-usaid-cuts,2025-06-02 00:00:11+00:00
Newsweekjapan.jp,ニューズウィーク日本版ウェブ編集部,【随時更新】トランプ2.0（6月2日の動き） [最新記事_2],＜2024年アメリカ合衆国大統領選挙で共和党のドナルド・トランプが当選、4年ぶりの返り咲きを決めた。新政権の顔ぶれや政策、関係各国の対応など、第2次トランプ政権をめぐる動きを随時更新する＞ トランプ氏、鉄鋼・アルミ関税50％に引き上げ表明　6月4日から 　トランプ米大統領は３０日、ペンシルバニア州ピ,"5064
/Leah Millis
...US
 /Leah Millis
100
 SODABOTTLE/WIKIMEDIA COMMONS
&gt;
...4
SDRAI
2.0
...
...
 /Carlos Barria
...
2.0
15
...
/Evelyn Hockstein
50
 /Ludovic Marin
2.0
 /Nath… [+2419 chars]",https://www.newsweekjapan.jp/stories/world/2025/06/553948.php,2025-06-01 22:56:00+00:00
Mother Jones,Julianne McShane,Elon Musk Sure Seems Happy to Be Fleeing DC,"Elon Musk is leaving DC not with a bang but a whimper…and, it appears, with some new enemies in the White House. In an interview that aired Sunday on CBS, days after he announced he was departing DOGE, Musk insisted he has never been in lockstep with the Trum…","In a recent interview with CBS, Elon Musk insisted he was never in lockstep with the Trump administration.Francis Chung/Pool/CNP/ZUMA
Get your news from a source thats not owned and controlled by ol… [+5537 chars]",https://www.motherjones.com/politics/2025/06/elon-musk-sure-seems-happy-to-be-fleeing-dc/,2025-06-01 21:09:07+00:00
Biztoc.com,zerohedge.com,Elon Musk: Bono Is A Retard,"Elon Musk: Bono Is A Retard
 
Authored by Steve Watson via Modernity.news,
Outgoing DOGE overseer Elon Musk has hit back at claims made by U2 singer Bono that 300,000 people have “already died” because of cuts made to USAID.
Appearing on Joe Rogan’s podcast, …","Elon Musk: Bono Is A Retard
Authored by Steve Watson via Modernity.news,Outgoing DOGE overseer Elon Musk has hit back at claims made by U2 singer Bono that 300,000 people have already died because o… [+138 chars]",https://biztoc.com/x/39f759d5d2a83d23,2025-06-01 21:02:50+00:00
Freerepublic.com,csis,Reconciliation at Risk: 50 Years After the Vietnam War,"April 30 marked 50 years since the fall of Saigon and the end of the Vietnam war. Vietnam’s closest partners, including China, Cambodia, and Laos, sent representatives to the commemorations held in Ho Chi Minh City, formerly Saigon. Notably missing from the m…","Skip to comments.
Reconciliation at Risk: 50 Years After the Vietnam War
csis ^
 | May 30
 | Blog Post by Lauren Mai
Posted on 06/01/2025 2:00:42 PM PDT by RandFan
April 30 marked 50 years sinc… [+7416 chars]",https://freerepublic.com/focus/f-chat/4320395/posts,2025-06-01 21:00:42+00:00
InfoMoney,Agência O Globo,EUA: Grávida mantida viva por lei antiaborto gera debate sobre limites éticos,"Após morte cerebral, Adriana Smith tem corpo mantido vivo sem aval da família para permitir o desenvolvimento do feto; caso expõe impacto de políticas conservadoras e deficiências no sistema médico americano 
The post EUA: Grávida mantida viva por lei antiabo…","Adriana Smith sentia fortes dores de cabeça quando decidiu procurar um hospital na Geórgia, nos Estados Unidos, há três meses. Grávida de nove semanas, ela foi medicada e, sem ser submetida a nenhum … [+7858 chars]",https://www.infomoney.com.br/saude/eua-gravida-mantida-viva-por-lei-antiaborto-gera-debate-sobre-limites-eticos/,2025-06-01 21:00:00+00:00
Huffingtonpost.es,Héctor Juanatey,"Elon Musk se va, pero las consecuencias de su corto legado son aún incalculables... Y no para bien","<![CDATA[<p>Dónde si no en X iba a anunciar Elon Musk que ponía fin a su etapa como empleado especial del Gobierno estadounidense. El magnate ha estado cuatro meses al frente del Departamento de Eficiencia Gubernamental (DOGE), y aunque no haya logrado todos …",Dónde si no en X iba a anunciar Elon Musk que ponía fin a su etapa como empleado especial del Gobierno estadounidense. El magnate ha estado cuatro meses al frente del Departamento de Eficiencia Guber… [+5618 chars],https://www.huffingtonpost.es/global/elon-musk-consecuencias-corto-legado-sonun-incalculables.html,2025-06-01 18:59:37+00:00
Moonbattery.com,Dave Blount,Profiles in Moonbattery: Bono,"Not everyone is delighted that the plug has been pulled on the looting spree known as USAID. The superannuated moonbat pop star Bono proclaims that 300,000 have died due to the interruption in the flow of our money into the pockets of Democrats and their fore…","Not everyone is delighted that the plug has been pulled on the looting spree known as USAID. The superannuated moonbat pop star Bono proclaims that 300,000 have died due to the interruption in the fl… [+1531 chars]",https://moonbattery.com/profiles-in-moonbattery-bono/,2025-06-01 15:48:08+00:00
Lavozdegalicia.es,IAGO GARCÍA,"Del «fantástico futuro juntos» al «francamente, me decepcionó»: la relación entre Elon Musk y Donald Trump a través de sus frases","El propietario de Tesla y X fue el gran apoyo en campaña del republicano, que le hizo un hueco en el ejecutivo al frente del departamento que llevaría la eficiencia a la administración estadounidense. Medio año después, los resultados son decepcionantes para …","¡Qué lástima, pero adiós! Me despido de ti y me voy. La frase no es de Elon Musk, está extraída de una conocida canción de la mexicana Julieta Venegas, pero define a la perfección el punto y final a … [+8258 chars]",https://www.lavozdegalicia.es/noticia/internacional/2025/06/01/fantastico-futuro-juntos-francamente-me-decepciono-relacion-elon-musk-donald-trump-traves-frases/00031748792357640670677.htm,2025-06-01 15:45:00+00:00
ABC News,Isabel Danzis,WFP's Cindy McCain: Gaza could be 'a humanitarian catastrophe ... like none other’,WFP's Cindy McCain: Gaza could be 'a humanitarian catastrophe ... like none other’go.com,"United Nations World Food Programme Executive Director Cindy McCain stressed the ""immediate"" need for aid and a ceasefire in Gaza.
""It's a tragedy. And what we need right now is an immediate ceasefi… [+3306 chars]",https://abcnews.go.com/Politics/wfps-cindy-mccain-gaza-humanitarian-catastrophe/story?id=122392707,2025-06-01 14:08:14+00:00
Freerepublic.com,Breitbart,"Joe Rogan, Musk Slam ‘Liar’ and ‘Idiot’ Bono over His Claim USAID Cuts Caused 300,000 Deaths","U2 frontman Bono claimed on “The Joe Rogan Experience” podcast the Trump administration’s disbandment of the U.S. Agency for International Development (USAID) was responsible for some 300,000 associated deaths. Host Rogan and Elon Musk were quick to disabuse …","Skip to comments.
Joe Rogan, Musk Slam Liar and Idiot Bono over His Claim USAID Cuts Caused 300,000 DeathsBreitbart ^
 | June 1st 2025
 | Simon Kent
Posted on 06/01/2025 6:32:26 AM PDT by Chicago… [+2291 chars]",https://freerepublic.com/focus/f-news/4320300/posts,2025-06-01 13:32:26+00:00
NPR,Viola Kosome,The women of No Sex for Fish are survivors — but their survival is precarious,"A group of women in Kenya rebelled against trading sex for a fisherman's catch to sell. They got their own boats, had success — but in past years have faced floods and now fears about HIV medications.","""Our members are surviving with grace,"" says Justine Adhiambo Obura, the chairperson of No Sex for Fish.
She's talking about a cooperative of 20 women who did the unthinkable. They are fishmongers f… [+10913 chars]",https://www.npr.org/sections/goats-and-soda/2025/06/01/g-s1-69308/the-women-of-no-sex-for-fish-are-survivors-but-their-survival-is-precarious,2025-06-01 12:49:51+00:00
Breitbart News,"Simon Kent, Simon Kent","Joe Rogan, Musk Slam ‘Liar’ and ‘Idiot’ Bono over His Claim USAID Cuts Caused 300,000 Deaths","U2 frontman Bono claimed on ""The Joe Rogan Experience"" podcast the Trump administration's disbandment of the U.S. Agency for International Development (USAID) was responsible for some 300,000 associated deaths.
The post Joe Rogan, Musk Slam ‘Liar’ and ‘Idiot’…","U2 frontman Bono claimed on “The Joe Rogan Experience” podcast the Trump administration’s disbandment of the U.S. Agency for International Development (USAID) was responsible for some 300,000 associa… [+1701 chars]",https://www.breitbart.com/entertainment/2025/06/01/joe-rogan-musk-slam-liar-and-idiot-bono-over-his-claim-usaid-cuts-caused-300000-deaths/,2025-06-01 12:27:53+00:00
The New Republic,Alex Shephard,Elon Musk’s Reign of Terror Is Only Just Beginning,"Here’s what purports to be the big story out of the White House today: “Elon’s really not leaving. He’s gonna be back and forth.” It’s tempting to treat that statement, which was made by President Donald Trump at a press conference intended to mark Elon Musk’…","The decimation of the United States Agency for International Development, or USAID, is up there, though. People around the world are starving now because of Musks cuts. They are dying of disease beca… [+1960 chars]",https://newrepublic.com/article/195945/elon-musk-trump-doge-corruption,2025-06-01 10:00:00+00:00
Origo.hu,Origo,Elon Musk kiosztotta Bonót: „Hazudik vagy ostoba”,"Bono, a U2 énekese komoly vitát kavart, amikor egy podcast-beszélgetésben azt állította, hogy a USAID, az amerikai nemzetközi segélyügynökség forrásainak megvonása miatt 300 ezer ember halt meg. Az állításra Elon Musk és Joe Rogan is azonnal reagált. Szerintü…","A beszélgetés a The Joe Rogan Experience cím msorban hangzott el, ahol Bono azt állította, hogy hatalmas mennyiség élelmiszer rothad raktárakban az USAID megszorításai miatt, és ennek tömeges emberál… [+1976 chars]",https://www.origo.hu/nagyvilag/2025/06/elon-musk-joe-rogan-usaid-bono,2025-06-01 08:59:59+00:00
Haberturk.com,Habertürk,Elon Musk'ın Beyaz Saray günleri bitti,"Teknoloji milyarderi Elon Musk DOGE'un başında geçirdiği sürede, ABD hükümetinde ve Washington'da önemli değişikliklere öncülük etti.","WILL OLIVER/POOL/EPA-EFE/REX/Shutterstock
Elon Musk, Arjantin Devlet Bakan Javier Mile'inin hediye ettii ve kesintileri simgeleyen bir elektrikli testereyle
Elon Musk'n ABD Bakan Donald Trump yönet… [+6278 chars]",https://www.haberturk.com/elon-musk-in-beyaz-saray-gunleri-bitti-trump-in-ekibinde-neler-basardi-3795795,2025-06-01 08:30:57+00:00
Www.abc.es,(abc),República Democrática del Congo: la fractura perpetua,"En la vasta geografía de la República Democrática del Congo , las distancias no se miden solo en kilómetros, sino en tiempos muertos, en territorios sin Estado, en comunidades suspendidas entre el pasado colonial y un presente que nunca se consolida. Durante …","En la vasta geografía de la República Democrática del Congo, las distancias no se miden solo en kilómetros, sino en tiempos muertos, en territorios sin Estado, en comunidades suspendidas entre el pas… [+3500 chars]",https://www.abc.es/internacional/republica-democratica-congo-fractura-perpetua-20250601043752-nt.html,2025-06-01 02:37:52+00:00
Fox News,Jasmine Baehr,"Bono’s ‘300,000 dead’ claim over USAID cuts gets smacked down by Rogan, Musk: ‘Liar/idiot’","Bono claimed on Joe Rogan’s podcast that USAID cuts caused 300,000 deaths, prompting Elon Musk to fire back on X, calling him a “liar/idiot"" and denying the attack.","U2 frontman and longtime global activist Bono took a swing at the Trump administration disbanding the U.S. Agency for International Development (USAID)) on ""The Joe Rogan Experience"" podcast, blaming… [+2541 chars]",https://www.foxnews.com/media/bonos-300000-dead-claim-over-usaid-cuts-gets-smacked-down-rogan-musk-liar-idiot,2025-05-31 23:58:23+00:00
Consequence.net,Jo Vito,Joe Rogan Pisses Off His Audience By Having Bono as a Guest,"Rogan fans were not thrilled about the booking of U2's frontman.
Joe Rogan Pisses Off His Audience By Having Bono as a Guest
Jo Vito","Joe Rogan is used to catching heat for having controversial guests on his podcast, but this week he apparently crossed a line with many of his own fans by interviewing U2 frontman Bono.
The Irish si… [+1551 chars]",https://consequence.net/2025/05/joe-rogan-bono-angry-fans/,2025-05-31 22:45:08+00:00
The Irish Times,Emmet Malone,Bono criticises USAid cuts in lengthy interview with podcaster Joe Rogan,U2 frontman’s comments rile billionaire former Trump administration official Elon Musk,"Bono has criticised cuts to the US Agency for International Development (USAid) budget in a lengthy interview with influential US podcaster Joe Rogan.
He cited academic research by Brooke Nichols, a… [+2253 chars]",https://www.irishtimes.com/culture/tv-radio/2025/05/31/bono-criticises-usaid-cuts-in-lengthy-interview-with-podcaster-joe-rogan/,2025-05-31 21:22:44+00:00
Thegatewaypundit.com,Cullen Linebarger,Joe Rogan Expertly Schools Bono After Far-Left Singer Makes Up an Outrageous Lie Regarding Elon Musk and DOGE – Musk Responds with Fire (VIDEO),"One of the globalist left’s most beloved figures was caught spreading a despicable lie on the nation’s most popular podcast about Elon Musk and his work with DOGE, and got promptly schooled in the process.
The post Joe Rogan Expertly Schools Bono After Far-Le…","Credit: Joe Rogan Experience Screenshot
One of the globalist left’s most beloved figures was caught spreading a despicable lie on the nation’s most popular podcast about Elon Musk and his work with … [+2405 chars]",https://www.thegatewaypundit.com/2025/05/joe-rogan-expertly-schools-bono-after-far-left/,2025-05-31 19:40:30+00:00
The BMJ,Jeffrey K Aronson,When I use a word . . . Avoiding drug stock-outs,"A medicine stock-out is defined by the World Health Organization (WHO) as “any time when, at a defined moment in a given inventory, a needed medicine item is not in stock and orders or prescriptions cannot be filled.” The WHO has published a set of indicators…","A medicine stock-out is defined by the World Health Organization (WHO) as any time when, at a defined moment in a given inventory, a needed medicine item is not in stock and orders or prescriptions c… [+8714 chars]",https://www.bmj.com/content/389/bmj.r1127,2025-05-31 19:26:02+00:00
Mediaite,Zachary Leeman,Joe Rogan Admits Trump USAID Cuts Went Too Far In Bono Debate: ‘Got To Be a Way To Keep Aid and Not Fraud’,"Joe Rogan called USAID a ""money laundering operation,"" but admitted in a discussion with Bono that President Donald Trump's cuts may have been too hasty.
The post Joe Rogan Admits Trump USAID Cuts Went Too Far In Bono Debate: ‘Got To Be a Way To Keep Aid and …","Podcaster Joe Rogan called USAID a “money laundering operation,” but admitted in a discussion with rock legend Bono that President Donald Trump’s cuts may have been too hasty.
The U2 frontman and hu… [+2689 chars]",https://www.mediaite.com/media/podcasts/joe-rogan-admits-trump-usaid-cuts-went-too-far-in-bono-debate-got-to-be-a-way-to-keep-aid-and-not-fraud/,2025-05-31 19:25:57+00:00
New York Post,Post Editorial Board,DOGE started the war on waste —now it’s up to Congress to keep it going,"As Elon Musk exits his role at the Department of Government Efficiency, making the savings his team found stick is now in Congress' hands.","As Elon Musk steps back from his role at the Department of Government Efficiency, making the savings his team found stick is now in Congress’s hands.
DOGE’s crack team of mostly young techies shined… [+3156 chars]",https://nypost.com/2025/05/31/opinion/doge-started-war-on-waste-its-up-to-congress-to-finish-it/,2025-05-31 19:07:33+00:00
Rolling Stone,Daniel Kreps,Bono Educates Joe Rogan on DOGE’s ‘Pure Evil’ USAID Cuts,"""To destroy, to vandalize, it felt like with glee, that these life support systems were being pulled out of the walls,"" U2 singer tells podcast host of Musk and company's planned cuts","Bono and Joe Rogan clashed over the humanitarian impact of DOGE’s cuts — specifically the planned gutting of USAID — during the U2 singer’s visit to the podcast Friday.
During the episode, Bono conf… [+2510 chars]",http://www.rollingstone.com/music/music-news/bono-joe-rogan-doge-usaid-cuts-pure-evil-1235352064/,2025-05-31 19:04:10+00:00
Biztoc.com,zerohedge.com,"U2's Bono Claims: ""300,000 Dead After USAID Cuts""","U2's Bono Claims: ""300,000 Dead After USAID Cuts""
 
Left-wing activist and U2 frontman Paul David Hewson—better known as ""Bono""—made the ridiculous claim that the Department of Government Efficiency's (DOGE) decision to scale back funding for the U.S. Agency …","U2's Bono Claims: ""300,000 Dead After USAID Cuts""
Left-wing activist and U2 frontman Paul David Hewsonbetter known as ""Bono""made the ridiculous claim that the Department of Government Efficiency's (… [+145 chars]",https://biztoc.com/x/421cf285c25c8669,2025-05-31 18:43:54+00:00
Crookedtimber.org,Doug Muir,Newt,"Unemployed, I spent a week in April digging a small pond in our back yard. At the time, it was a distraction. Now it is… actually, a different sort of distraction. Because although it’s not a very big pond — about 3 meters by 2, maximum depth about 70 cm — it…","Unemployed, I spent a week in April digging a small pond in our back yard. At the time, it was a distraction. Now it is… actually, a different sort of distraction. 
Because although it’s not a very … [+4087 chars]",https://crookedtimber.org/2025/05/31/newt/,2025-05-31 17:53:06+00:00
Hvg.hu,hvg@hvg.hu,"Újabb félmilliárdos szerződést kötött a Fidesz-frakció, ezúttal egy kőbányai kis céggel","Régi üzleti kapcsolat ez, most is online hirdetésekért fizet a Fidesz-frakció.",Kocsis Máté Fidesz-frakcióvezet 520 millió forintért rendelt online hirdetéseket az RTDCOM Kft.-tl szúrta ki a Magyar Hang. A parlamenti honlap üvegzseb oldalán közzétett megbízásra nem vonatkoznak a… [+1956 chars],https://hvg.hu/gazdasag/20250531_Ujabb-felmilliardos-szerzodest-kotott-a-Fidesz-frakcio-ezuttal-egy-kobanyai-kis-ceggel,2025-05-31 17:15:29+00:00
Anlatilaninotesi.com.tr,Sputnik Türkiye,"Gürcistan Cumhurbaşkanı Kavelaşvili: Batı, bizden Ukrayna’daki çatışmaya katılmamızı istedi","Cumhurbaşkanı Kavelaşvili, Batılı ülkelerin Gürcistan’dan Ukrayna’daki çatışmalara katılmasını talep ettiğini açıkladı.","Batl ülkelerin Ukrayna'ya silah tedarik etmeye dönük hamleleri ülkede krizi trmandrd. Ukrayna ordusu, güçlerinin neredeyse yarsn ülkenin dousundaki çatma hattna yd. 2021'de Ukrayna'ya 650 milyon dola… [+1851 chars]",https://anlatilaninotesi.com.tr/20250531/gurcistan-cumhurbaskani-kavelasvili-bati-bizden-ukraynadaki-catismaya-katilmamizi-istedi-1096690722.html,2025-05-31 15:55:19+00:00
Livedoor.biz,kuromacyo,日本学術会議を国から独立した法人とする法案 参院で審議開始,1 名前：香味焙煎 ★：2025/05/28(水) 14:56:19.33 ID:+FnpJevL9.net 日本学術会議を国から独立した法人とするための法案は、28日から参議院で審議が始まり、担当する坂井大臣は、法人化により海外の学術機関と同様の高い独立性を確保できるとして、理解を求めました。 ...,"2025/05/28() 14:57:12.18 ID:orvHS8wK0.net
2025/05/28() 14:58:08.64 ID:SvT7c2eM0.net
&gt;&gt;2
2025/05/28() 15:13:51.75 ID:kNkzjFWw0.net
&gt;&gt;2
2025/05/28() 14:57:41.12 ID:FLxdu9Vw0.net
2025/… [+16556 chars]",https://kuromacyo.livedoor.biz/archives/2036008.html,2025-05-31 15:00:12+00:00
New York Post,Josh Christenson,Federal appeals court upholds pause on Trump administration’s mass firings,"""The Executive Order at issue here far exceeds the President’s supervisory powers under the Constitution,"" wrote Circuit Judge William Fletcher, an appointee of former President Bill Clinton","WASHINGTON A federal appeals court upheld a legal pause on President Trump’s mass firings from various agencies, delivering the Republican administration another legal setback in reshaping the execut… [+3727 chars]",https://nypost.com/2025/05/31/us-news/federal-appeals-court-upholds-pause-on-trumps-mass-firings/,2025-05-31 14:59:59+00:00
Biztoc.com,newsweek.com,Bono Sparks MAGA Backlash After Joe Rogan Appearance,"Bono repeated a claim that President Donald Trump's USAID cuts may have been a factor in 300,000 deaths.","Bono repeated a claim that President Donald Trump's USAID cuts may have been a factor in 300,000 deaths.
This story appeared on newsweek.com, 2025-05-31 13:42:26.",https://biztoc.com/x/5014d454a26b7448,2025-05-31 13:42:37+00:00
Newsweek,James Bickerton,Bono Sparks MAGA Backlash After Joe Rogan Appearance,"Bono repeated a claim that President Donald Trump's USAID cuts may have been a factor in 300,000 deaths.",Irish rock star Bono has come under fire from supporters of President Donald Trump's Make America Great Again (MAGA) movement after citing an academic who said the administration's cuts to the U.S. A… [+3585 chars],https://www.newsweek.com/bono-sparks-maga-backlash-during-joe-rogan-appearance-2079295,2025-05-31 13:42:26+00:00
BBC News,https://www.facebook.com/bbcnews,Elon Musk'ın Beyaz Saray günleri bitti: Trump'ın ekibinde neler başardı?,"Teknoloji milyarderi Elon Musk DOGE'un başında geçirdiği sürede, ABD hükümetinde ve Washington'da önemli değişikliklere öncülük etti.","Kaynak, WILL OLIVER/POOL/EPA-EFE/REX/Shutterstock
Fotoraf alt yazs, Elon Musk, Arjantin Devlet Bakan Javier Mile'inin hediye ettii ve kesintileri simgeleyen bir elektrikli testereyle
Haber bilgisi<… [+6628 chars]",https://www.bbc.com/turkce/articles/cn5y6477r4do,2025-05-31 13:05:26+00:00
Portfolio.hu,Portfolio.hu,Aggastyánok kezében van egy egész szuperhatalom sorsa – Meddig ragaszkodnak még az irányításhoz?,"Joe Biden volt amerikai elnöknél május 16-án diagnosztizáltak agresszív, csontáttétes prosztatarákot, a rengeteg spekulációhoz vezető hírt két nappal rá osztotta meg a 46. amerikai elnök. Biden váratlan bejelentése épp aközben került a címlapokra, hogy két új…",<ul><li>Az amerikai politikusok a legidsebbek szerte a gazdag világban (The Economist).</li><li>A Demokrata Párt szó szerint haldoklik (The Nation).</li><li>A képviselházi demokraták nyilvánosan hada… [+18046 chars],https://www.portfolio.hu/global/20250531/aggastyanok-kezeben-van-egy-egesz-szuperhatalom-sorsa-meddig-ragaszkodnak-meg-az-iranyitashoz-764387,2025-05-31 13:00:00+00:00
Origo.hu,,„A baloldalnak nincs joga a USAID korrupt dollárjaihoz”,"Donald Trump amerikai elnök hivatalba lépése óta bizonyította, hogy lehetséges gyors változásokat elérni; megmutatta, hogy a globális baloldalnak nincs istenadta joga a USAID és más amerikai kormányzati szervezetek „korrupt dollárjaihoz” – jelentette ki Lászl…","László András a Fidelitas, az olasz Lega Giovani és az amerikai Republikánusok a Nemzeti Megújulásért (Republicans for National Renewal, RNR) ifjúsági szervezetek által közösen szervezett eseményen a… [+1257 chars]",https://www.origo.hu/itthon/2025/05/laszlo-andras-baloldal-usaid-korrupcio-dollarbaloldal-fidesz,2025-05-31 11:30:55+00:00
L'Express,L’Express,"Un ""échec cuisant"" : Elon Musk quitte le Doge sous le feu des critiques de la presse américaine","Donald Trump a salué vendredi la mission de réduction de la dépense publique menée par le patron de Tesla et SpaceX, assurant que l’homme le plus riche du monde avait apporté un ""changement colossal"". Les médias outre-Atlantique ne sont pas du même avis.","Ce nest quun au revoir. Elon Musk, lhomme le plus riche du monde, nest plus conseiller spécial du président américain Donald Trump. Une conférence de presse commune dans le bureau Ovale, vendredi 30 … [+4665 chars]",https://www.lexpress.fr/monde/amerique/un-echec-cuisant-elon-musk-quitte-le-doge-sous-le-feu-des-critiques-de-la-presse-americaine-D3BZM3XQUBBTXJGHDWJDBTKXPY/,2025-05-31 11:28:03+00:00
Kommersant.ru,,Президент Грузии рассказал о закулисной просьбе вмешаться в конфликт на Украине,"После начала украинского конфликта Евросоюз оказывал давление на Грузию, заявил президент республики Михаил Кавелашвили. По его словам, Тбилиси «за кулисами» просили вмешаться в военные действия.",", . , « » .
« ( . ), », El Mundo. , « ( . ) ».
 , , , . (), (USAID) . « . , », .
 2024 . , , . , , . , .
 — «» « ».",https://www.kommersant.ru/doc/7773626,2025-05-31 10:41:47+00:00
Biztoc.com,nakedcapitalism.com,"Musk Might Be Gone, But Watchdogs Warn Trump/DOGE Carnage Will Continue","Yves here. Not surprisingly, the crowd-pleasing bits of DOGE agency-wrecking, like the claim that the USAID, particularly its regime change operating, were being shuttered, proved to be abjectly false. As Brian Berletic pointed out, Secretary of State reassur…","Yves here. Not surprisingly, the crowd-pleasing bits of DOGE agency-wrecking, like the claim that the USAID, particularly its regime change operating, were being shuttered, proved to be abjectly fals… [+153 chars]",https://biztoc.com/x/5092984c27d91e31,2025-05-31 10:11:27+00:00
Nakedcapitalism.com,Yves Smith,"Musk Might Be Gone, But Watchdogs Warn Trump/DOGE Carnage Will Continue","""Musk's departure ....does not actually change.... DOGE's mission to destroy everything that protects the public from....rapacious oligarchs""","Yves here. Not surprisingly, the crowd-pleasing bits of DOGE agency-wrecking, like the claim that the USAID, particularly its regime change operating, were being shuttered, proved to be abjectly fals… [+4864 chars]",https://www.nakedcapitalism.com/2025/05/musk-might-be-gone-but-watchdogs-warn-trump-doge-carnage-will-continue.html,2025-05-31 10:07:45+00:00
MSNBC,Paul Waldman,Elon Musk departs DOGE with a horrific legacy,"Elon Musk’s time with the Department of Government Efficiency has ended, but not before a press availability at the White House alongside President Donald Trump.","Elon Musks government service has supposedly come to an end, with the billionaire decamping to his company town of Starbase, Texas. Except there he was in the Oval Office on Friday, in a press availa… [+5988 chars]",https://www.msnbc.com/opinion/msnbc-opinion/elon-musk-leaves-doge-trump-legacy-rcna209823,2025-05-31 10:00:00+00:00
Independent.ie,Darragh Nolan,"Bono tells Joe Rogan US global aid cuts have led to 300,000 deaths and reveals conversations with Marco Rubio","U2 frontman Bono has said 300,000 people have died as a result of funding cuts to global aid made by the Trump administration and Tesla CEO Elon Musk’s Department of Government Efficiency (DOGE).","U2 frontman Bono has said 300,000 people have died as a result of funding cuts to global aid made by the Trump administration and Tesla CEO Elon Musks Department of Government Efficiency (DOGE).When … [+3262 chars]",https://www.independent.ie/irish-news/bono-tells-joe-rogan-us-global-aid-cuts-have-led-to-300000-deaths-and-reveals-conversations-with-marco-rubio/a1107119557.html,2025-05-31 09:55:18+00:00
Rg.ru,,Президент Грузии рассказал о просьбе Запада вмешаться в конфликт на Украине,"После начала конфликта на Украине страны Запада стали оказывать давление на Грузию, вынуждая Тбилиси вмешаться в происходящее. Об этом заявил грузинский лидер Михаил Кавелашвили в интервью испанской газете El Mundo.",", . , .
"" , . . , "", - .
 , , , , .
 , , , , (USAID).
, , "" "" .
 , , 2022 .",https://rg.ru/2025/05/31/prezident-gruzii-rasskazal-o-prosbe-zapada-vmeshatsia-v-konflikt-na-ukraine.html,2025-05-31 09:40:06+00:00
Excelsior.com.mx,mauricio.alvarado.martinez,"África: sale EU, entra Irán","Mucho se habla de Irán en estos días en razón de las negociaciones entre este país y EU. A pesar de varias rondas de encuentros mediados por Omán, hasta el momento no ha habido resultados concretos que puedan apuntar a una limitación del desarrollo nuclear ir…","Mucho se habla de Irán en estos días en razón de las negociaciones entre este país y EU. A pesar de varias rondas de encuentros mediados por Omán, hasta el momento no ha habido resultados concretos q… [+4263 chars]",https://www.excelsior.com.mx/opinion/esther-shabot/africa-sale-eu-entra-iran/1718950,2025-05-31 08:53:00+00:00
Naftemporiki.gr,Νατάσα Στασινού,«Ήταν όλα μπουρδές;» — Η περίπλοκη σχέση του Μασκ με την κυβέρνηση Τραμπ,"«Ήταν όλα μπουρδές;» ρώτησε πρόσφατα ο Ντόναλντ Τραμπ τους συμβούλους του, αναφερόμενος στην υπόσχεση του Έλον Μασκ να περικόψει 1 τρισ. δολάρια από τις δημόσιες δαπάνες μέσω του υπουργείου Κυβερνητικής…
«Ήταν όλα μπουρδές;» — Η περίπλοκη σχέση του Μασκ με τη…","« ;» , 1 . (DOGE).
 Wall Street Journal. , , .
 , . : , , .
 , .
« », . « .»
50% , 50% 
« 50% , 50% », . «90% , 10% ». , --, .
, DOGE 170 . . ;
 : , , .
 social media, . , .
 : 
 11.000 . … [+329 chars]",https://www.naftemporiki.gr/kosmos/1963086/itan-ola-mpoyrdes-i-periploki-schesi-toy-mask-me-tin-kyvernisi-tramp/,2025-05-31 08:31:06+00:00
Portfolio.hu,Portfolio.hu,"Végleg bedobta a törölközőt Elon Musk? – Elbukott a techguru, botrányos véget ért a DOGE-hivatal","Elon Musk csütörtökön hivatalosan is megerősítette, hogy négy rendkívül viharos hónap után hátat fordít az amerikai kormányzati munkának. Bár a világ leggazdagabb emberének Washingtonból való távozása már hetek óta lógott a levegőben, mégis egy ellentmondásos…","Ahogy a kormány különleges alkalmazottjaként tervezett idm a végéhez közeledik, szeretném megköszönni Donald Trump elnök úrnak a lehetséget, hogy csökkenthettem a pazarló kiadásokat. A DOGE küldetése… [+10954 chars]",https://www.portfolio.hu/global/20250531/vegleg-bedobta-a-torolkozot-elon-musk-elbukott-a-techguru-botranyos-veget-ert-a-doge-hivatal-764873,2025-05-31 08:30:00+00:00
Hotnews.ro,George Sîrbu,Rezultat financiar excelent al Recorder. ”Au contribuit zeci de mii de oameni”,"Redacția Recorder a realizat în 2024 o creștere de 80% a veniturilor față de anul 2023. Granturile, arată redacția, au pondere de doar 4% din buget. Proiectul jurnalistic non profit Recorder a publicat raportul pentru…","Redacia Recorder a realizat în 2024 o cretere de 80% a veniturilor fa de anul 2023. Granturile, arat redacia, au pondere de doar 4% din buget.
Proiectul jurnalistic non profit Recorder a publicat ra… [+4257 chars]",http://hotnews.ro/rezultat-financiar-excelent-al-recorder-au-contribuit-zeci-de-mii-de-oameni-1990788,2025-05-31 08:01:06+00:00
El Mundo,Lucas de la Cal,"EEUU desvela su estratega de disuasión contra China en Asia: ""Pekín se está preparando para usar la fuerza militar""","El secretario de Defensa de Estados Unidos apuntar en el gran foro militar de Asia-Pacífico que la amenaza de China es real, al tiempo que presionó a sus aliados en la región para que aumentaran su gasto en defensa Leer","Durante el intercambio de ataques en mayo entre India y Pakistán, el ejército paquistaní presumió de que sus cazas JC-10, fabricados en China, habían derribado varios aviones de combate indios Rafale… [+6210 chars]",https://www.elmundo.es/internacional/2025/05/31/683aabf7e85ece4f208b459f.html,2025-05-31 07:22:05+00:00
Tass.ru,,В Грузии рассказали о закулисной просьбе Запада вмешаться в конфликт на Украине,"Грузинский президент Михаил Кавелашвили отметил, что западные страны начали применять двойные стандарты, которые угрожали целостности страны, и у них были свои союзники в лице НПО",", 31 . //. , , .
 , . "" [ ], "", - El Mundo. "" , , . [ ] , , - . - . , "".
"", , , , "", - . , , , , (USAID), . "" , - . - , "".
31 , , - , . , , .",https://tass.ru/mezhdunarodnaya-panorama/24101219,2025-05-31 07:17:13+00:00
Thenewslens.com,陳曉慈,非洲反LGBTQ+基督教保守派崛起：與美國右派關係密切，搭上川普MAGA順風車,西方及非洲保守派齊聚肯亞，抨擊墮胎、同性戀等議題，矢言捍衛傳統家庭價值。美國右翼團體金援非洲保守派，加上川普二度當選助長聲勢，非洲性平運動面臨挑戰。此舉被視為西方極右翼思想入侵，非洲人權及女性權益令人擔憂。,"5Pan-African Conference on Family Values
USAID
Family Watch InternationalAlliance Defending Freedom
Institute for Journalism and Social Change2019202217165020222019150%
20142023",https://www.thenewslens.com/article/253706,2025-05-31 07:14:49+00:00
