title,description,url,publishedAt,source,content
LGBTQ+ health centers brace for Trump’s attacks,"John Peller’s two decades as an AIDS Foundation of Chicago (AFC) staff member have been marked by highs and lows. In 2010, after President Barack Obama signed the Affordable Care Act into law, millions of people living with HIV or vulnerable to the virus coul…",http://chicagoreader.com/news/lgbtq-health-care-trump-hiv/,2025-06-25T17:53:21Z,Chicago Reader,"John Pellers two decades as an AIDS Foundation of Chicago (AFC) staff member have been marked by highs and lows.
In 2010, after President Barack Obama signed the Affordable Care Act into law, millio… [+14438 chars]"
The truth is still worth fighting for,"A preference for truth is a universal human value. People have an innate desire for truth and dislike of liars. All the world’s religions urge truthfulness: We are told we […]
The post The truth is still worth fighting for appeared first on Poynter.",https://www.poynter.org/fact-checking/2025/the-truth-is-still-worth-fighting-for/,2025-06-25T12:00:02Z,Poynter,A preference for truth is a universal human value. People have an innate desire for truth and dislike of liars. All the world’s religions urge truthfulness: We are told we shall not bear false witnes… [+7522 chars]
Wasted miracle? Concerns as revolutionary HIV drug approved,"The US has approved lenacapavir for HIV prevention. But experts worry that cuts to the health budget will 'squander' the drug's chance of reducing infections. What you need to know


The US was the biggest funder of global HIV initiatives until the start of D…",https://www.dw.com/en/wasted-miracle-concerns-as-revolutionary-hiv-drug-approved/a-73023089,2025-06-24T15:26:00Z,DW (English),"What you need to know
<ul><li>The US was the biggest funder of global HIV initiatives until the start of Donald Trump's second term as President</li><li>Experts told DW cuts to domestic health insti… [+5688 chars]"
'Miracle' HIV drug lenacapavir approved amid drastic US health budget cuts,"The US has approved lenacapavir for HIV prevention. However, experts worry that cuts to the health budget will ""squander"" the drug's chance of reducing infections. What you need to know


The US was the biggest funder of global HIV initiatives until the start…",https://www.dw.com/en/miracle-hiv-drug-lenacapavir-approved-amid-drastic-us-health-budget-cuts/a-73023089,2025-06-24T15:26:00Z,DW (English),"What you need to know
<ul><li>The US was the biggest funder of global HIV initiatives until the start of Donald Trump's second term as president</li><li>Experts told DW cuts to domestic health insti… [+5687 chars]"
Who Does Elon Musk Believe Is Worth Saving?,The tech billionaire wants to shape humanity’s future. Not everyone has a place there.,https://www.theatlantic.com/technology/archive/2025/06/elon-musk-usaid-cuts/683299/,2025-06-24T15:06:20Z,The Atlantic,"In April, Ezibon Khamis was dispatched to Akobo, South Sudan, to document the horrors as humanitarian services collapsed in the middle of a cholera outbreak. As a representative of the NGO Save the C… [+14149 chars]"
Does the US Fund the Taliban? What We Know as House Passes Bill,"The House has passed the ""No Tax Dollars for Terrorists Act"" proposed by Republican Representative Tim Burchett.",https://www.newsweek.com/afghanistan-taliban-funding-legislation-2089884,2025-06-24T14:57:11Z,Newsweek,"The House of Representatives has passed legislation which its supporters say aims to stop U.S. funds from ending up in the hands of the Taliban, which took control of Afghanistan after the U.S. pulle… [+4599 chars]"
We Just Lost $54 Billion. Now What?,How humanitarian organizations can use cost evidence to survive global aid&#8217;s &#8220;Great Depression&#8221; and scale what works to save more lives.,https://ssir.org/articles/entry/ngos-funding-cuts-cost-evidence,2025-06-24T13:00:00Z,Ssir.org,"Worldwide, two million children die each year from acute malnutrition, which equates to one death every 15 seconds. To fight this, global aid workers deploy a fortified peanut paste known as ready-to… [+9466 chars]"
How aid cuts may be affecting humanitarian workers,"Funding cuts don’t just disrupt operations, they erode the mental and moral resilience of humanitarian workers.",https://theconversation.com/how-aid-cuts-may-be-affecting-humanitarian-workers-257482,2025-06-24T12:58:02Z,The Conversation Africa,"Humanitarian work takes a profound emotional toll on workers. It places them at the frontline of global crises, at times witnessing the devastating impacts of war, famine, natural disasters, mass dis… [+5544 chars]"
"With Trump’s New Travel Ban, 2 Afghan Sisters Wait in Limbo","Cecile McWilliams



Split by the Taliban’s restrictions on women’s education in Afghanistan, the sisters hoped to reunite in the US. But new travel limits could jeopardize their plans.




The post With Trump’s New Travel Ban, 2 Afghan Sisters Wait in Limb…",https://www.thenation.com/?post_type=article&p=561253,2025-06-24T09:00:00Z,Thenation.com,"Split by the Talibans restrictions on womens education in Afghanistan, the sisters hoped to reunite in the US. But new travel limits could jeopardize their plans.
Ad Policy
Afghan female students a… [+17668 chars]"
Ending TB in Southeast Asia: ASEAN’s vaccine diplomacy and digital health tools,"Through technological innovation and the development of new tuberculosis vaccines, ASEAN countries play a vital role in combating TB at both regional and global levels.",https://theconversation.com/ending-tb-in-southeast-asia-aseans-vaccine-diplomacy-and-digital-health-tools-258728,2025-06-24T07:00:22Z,The Conversation Africa,Association of Southeast Asian Nations (ASEAN) has consistently taken a proactive role in controlling tuberculosis (TB) in the region. But with Southeast Asia accounting for a significant share 45% o… [+5176 chars]
Trump's cuts threaten HIV treatment and research,"The Trump administration has cut funding to programs that provide direct aid to communities affected by HIV and AIDS.
That includes the dismantling of the United States Agency for International Development (USAID), which provides much of the funding to AIDS …",https://www.kpbs.org/podcasts/kpbs-midday-edition/trumps-cuts-threaten-hiv-treatment-and-research,2025-06-23T21:42:00Z,KPBS,"S1: Hey there , San Diego. It's Andrew Bracken in for Jade Hindman. Today , what do cuts in federal funding mean for the future of HIV and Aids programs around the world ? Plus , how progress being m… [+24163 chars]"
World Bank grants South Africa a $1.5B loan for infrastructure upgrade and green energy transition,South Africa's National Treasury says the World Bank has granted South Africa a $1.5 billion loan to upgrade transportation infrastructure and help it transition toward a low-carbon economy,https://abcnews.go.com/International/wireStory/world-bank-grants-south-africa-15b-loan-infrastructure-123129035,2025-06-23T18:14:26Z,ABC News,"JOHANNESBURG -- JOHANNESBURG (AP) The World Bank granted South Africa a $1.5 billion loan to upgrade transportation infrastructure and help it transition toward a low-carbon economy, the country's Na… [+2406 chars]"
Elizabeth Warren demands answers over reports of $500m deal for controversial Gaza Health Foundation - NewsBreak,Elizabeth Warren demands answers over reports of $500m deal for controversial Gaza Health Foundation - NewsBreaknewsbreak.com,https://www.newsbreak.com/share/4062317831155-elizabeth-warren-demands-answers-over-reports-of-500m-deal-for-controversial-gaza-health-foundation?s=a2&amp;share_destination_id=MjA1ODg4MjQwLTE3NTA2OTI2NTY1NTA%3D&amp;pd=0Dvsw4Lg&amp;hl=en_US&amp;send_time=1750692656&amp;actBtn=bottomBar&amp;_f=app_share&amp;trans_data=%7B%22platform%22%3A1%2C%22cv%22%3A%2225.25.0%22%2C%22languages%22%3A%22en%22%7D&amp;sep=ns_foryou_blend_exp_25q2-v5%2Cns_foryou_recall_exp_25q3-v2%2Cns_foryou_model_exp_25q2_v2-control%2Cns_foryou_rank_exp_25q2-v8,2025-06-23T15:31:36Z,Newsbreak.com,"Elizabeth Warren at the US Capitol on 11 February 2025. Photograph: Allison Robbert/AFP/Getty Images
Elizabeth Warren has confronted the US secretary of state, Marco Rubio, over reports that the sta… [+2750 chars]"
NATO’s Credibility Eroding amid Organized Crime Corruption Scandals and Internal Fractures,"The North Atlantic Treaty Organization (NATO), heralded as the bulwark of Western security, faces a credibility crisis that mirrors the decline of the West. Corruption scandals, internal divisions, and an insatiable appetite for expansion despite unmet commit…",https://www.globalresearch.ca/nato-corruption-scandals-internal-fractures/5892127,2025-06-22T14:09:08Z,Globalresearch.ca,"The North Atlantic Treaty Organization (NATO), heralded as the bulwark of Western security, faces a credibility crisis that mirrors the decline of the West. Corruption scandals, internal divisions, a… [+6157 chars]"
Elizabeth Warren demands answers over reports of $500m deal for controversial Gaza Health Foundation - NewsBreak,Elizabeth Warren demands answers over reports of $500m deal for controversial Gaza Health Foundation - NewsBreaknewsbreak.com,https://www.newsbreak.com/share/4062317831155-elizabeth-warren-demands-answers-over-reports-of-500m-deal-for-controversial-gaza-health-foundation?_f=app_share&amp;pd=0LZapAtY&amp;lang=en_US&amp;send_time=1750600823&amp;trans_data=%7B%22platform%22%3A0%2C%22cv%22%3A%2225.25.0.37%22%2C%22languages%22%3A%22en%22%7D&amp;sep=ns_foryou_blend_exp_25q2-v9%2Cns_foryou_model_exp_25q2_v2-v9%2Cns_foryou_recall_exp_25q3-v9%2Cns_foryou_rank_exp_25q2-v5&amp;s=i2,2025-06-22T14:02:34Z,Newsbreak.com,"Elizabeth Warren at the US Capitol on 11 February 2025. Photograph: Allison Robbert/AFP/Getty Images
Elizabeth Warren has confronted the US secretary of state, Marco Rubio, over reports that the sta… [+2746 chars]"
Elizabeth Warren demands answers over reports of $500m deal for controversial Gaza Health Foundation - NewsBreak,Elizabeth Warren demands answers over reports of $500m deal for controversial Gaza Health Foundation - NewsBreaknewsbreak.com,https://www.newsbreak.com/share/4062317831155-elizabeth-warren-demands-answers-over-reports-of-500m-deal-for-controversial-gaza-health-foundation?_f=app_share&amp;pd=01LmfFGQ&amp;lang=en_US&amp;send_time=1750545166&amp;trans_data=%7B%22platform%22%3A0%2C%22cv%22%3A%2225.21.0.32%22%2C%22languages%22%3A%22en%22%7D&amp;sep=ns_foryou_rank_exp_25q2-v1%2Cns_foryou_blend_exp_25q2-v5%2Cns_foryou_model_exp_25q2_v2-control%2Cns_foryou_recall_exp_25q3-v6&amp;s=i2,2025-06-21T22:33:11Z,Newsbreak.com,"Elizabeth Warren at the US Capitol on 11 February 2025. Photograph: Allison Robbert/AFP/Getty Images
Elizabeth Warren has confronted the US secretary of state, Marco Rubio, over reports that the sta… [+2746 chars]"
Elizabeth Warren demands answers over reports of $500m deal for controversial Gaza Health Foundation - NewsBreak,Elizabeth Warren demands answers over reports of $500m deal for controversial Gaza Health Foundation - NewsBreaknewsbreak.com,https://www.newsbreak.com/share/4062317831155-elizabeth-warren-demands-answers-over-reports-of-500m-deal-for-controversial-gaza-health-foundation?s=a2&amp;share_destination_id=NTQ2NDA5MDktMTc1MDU0MjEzNzI1Mw%3D%3D&amp;pd=03hGazFf&amp;hl=en_US&amp;send_time=1750542137&amp;actBtn=bottomBar&amp;_f=app_share&amp;trans_data=%7B%22platform%22%3A1%2C%22cv%22%3A%2225.25.0%22%2C%22languages%22%3A%22en%22%7D&amp;sep=ns_foryou_model_exp_25q2_v2-v1%2Cns_foryou_blend_exp_25q2-v6%2Cns_foryou_rank_exp_25q2-v5%2Cns_foryou_recall_exp_25q3-v6,2025-06-21T21:42:44Z,Newsbreak.com,"Elizabeth Warren at the US Capitol on 11 February 2025. Photograph: Allison Robbert/AFP/Getty Images
Elizabeth Warren has confronted the US secretary of state, Marco Rubio, over reports that the sta… [+2746 chars]"
Israeli-backed group seeks at least $30 million from US for aid distribution in Gaza,"By ELLEN KNICKMEYER WASHINGTON (AP) — A U.S.-led group has asked the Trump administration to step in with an initial $30 million so it can continue its much scrutinized and Israeli-backed aid distribution in Gaza, according to three U.S. officials and the org…",https://www.denverpost.com/2025/06/21/israeli-backed-group-seeks-at-least-30-million-from-us-for-aid-distribution-in-gaza/,2025-06-21T19:16:42Z,The Denver Post,"By ELLEN KNICKMEYER
WASHINGTON (AP) — A U.S.-led group has asked the Trump administration to step in with an initial $30 million so it can continue its much scrutinized and Israeli-backed aid distri… [+4036 chars]"
Elizabeth Warren demands answers over reports of $500m deal for controversial Gaza Health Foundation - NewsBreak,Elizabeth Warren demands answers over reports of $500m deal for controversial Gaza Health Foundation - NewsBreaknewsbreak.com,https://www.newsbreak.com/share/4062317831155-elizabeth-warren-demands-answers-over-reports-of-500m-deal-for-controversial-gaza-health-foundation?_f=app_share&amp;pd=0KBEjijd&amp;lang=en_US&amp;send_time=1750520073&amp;trans_data=%7B%22platform%22%3A0%2C%22cv%22%3A%2225.18.0.43%22%2C%22languages%22%3A%22en%22%7D&amp;sep=ns_foryou_model_exp_25q2_v2-v9%2Cns_foryou_recall_exp_25q3-v9%2Cns_foryou_rank_exp_25q2-v7%2Cns_foryou_blend_exp_25q2-v5&amp;s=i2,2025-06-21T15:35:04Z,Newsbreak.com,"Elizabeth Warren at the US Capitol on 11 February 2025. Photograph: Allison Robbert/AFP/Getty Images
Elizabeth Warren has confronted the US secretary of state, Marco Rubio, over reports that the sta… [+2746 chars]"
The Israel-Iran Conflict Escalates. End of Empire. End of Peace. End of Humanity.,"“The Israelis might well decide to act first, and let the rest of the world worry about cleaning up the diplomatic mess afterwards.”
– Vice President Dick Cheney (January 20, 2005) [1]
LISTEN TO THE SHOW




  Click to download …
The post The Israel-Iran Co…",https://www.globalresearch.ca/the-israel-iran-conflict-escalates-end-of-empire-end-of-peace-end-of-humanity/5892013,2025-06-21T12:36:28Z,Globalresearch.ca,"The Israelis might well decide to act first, and let the rest of the world worry about cleaning up the diplomatic mess afterwards.
– Vice President Dick Cheney (January 20, 2005) [1]
LISTEN TO THE … [+24061 chars]"
Elizabeth Warren demands answers over reports of $500m deal for controversial Gaza Health Foundation - NewsBreak,Elizabeth Warren demands answers over reports of $500m deal for controversial Gaza Health Foundation - NewsBreaknewsbreak.com,https://www.newsbreak.com/share/4062317831155-elizabeth-warren-demands-answers-over-reports-of-500m-deal-for-controversial-gaza-health-foundation?_f=app_share&amp;pd=0JcMU8B3&amp;lang=en_US&amp;send_time=1750481925&amp;trans_data=%7B%22platform%22%3A0%2C%22cv%22%3A%2225.18.0.43%22%2C%22languages%22%3A%22en%22%7D&amp;sep=ns_foryou_recall_exp_25q3-control%2Cns_foryou_rank_exp_25q2-v1%2Cns_foryou_blend_exp_25q2-v5%2Cns_foryou_model_exp_25q2_v2-v8&amp;s=i2,2025-06-21T04:59:17Z,Newsbreak.com,"Elizabeth Warren at the US Capitol on 11 February 2025. Photograph: Allison Robbert/AFP/Getty Images
Elizabeth Warren has confronted the US secretary of state, Marco Rubio, over reports that the sta… [+2746 chars]"
Elizabeth Warren demands answers over reports of $500m deal for controversial Gaza Health Foundation - NewsBreak,Elizabeth Warren demands answers over reports of $500m deal for controversial Gaza Health Foundation - NewsBreaknewsbreak.com,https://www.newsbreak.com/share/4062317831155-elizabeth-warren-demands-answers-over-reports-of-500m-deal-for-controversial-gaza-health-foundation?_f=app_share&amp;pd=04jUeKTH&amp;lang=en_US&amp;send_time=1750454774&amp;trans_data=%7B%22platform%22%3A0%2C%22cv%22%3A%2225.25.0.37%22%2C%22languages%22%3A%22en%22%7D&amp;sep=ns_foryou_blend_exp_25q2-v9%2Cns_foryou_recall_exp_25q3-v6%2Cns_foryou_rank_exp_25q2-v6%2Cns_foryou_model_exp_25q2_v2-v7&amp;s=i2,2025-06-20T21:26:39Z,Newsbreak.com,"Elizabeth Warren at the US Capitol on 11 February 2025. Photograph: Allison Robbert/AFP/Getty Images
Elizabeth Warren has confronted the US secretary of state, Marco Rubio, over reports that the sta… [+2746 chars]"
"In War Zones, a Race to Save Key Seeds Needed to Feed the World","In conflict areas from Ukraine to Palestine, storage facilities holding seeds vital for future plant breeding are being lost. Scientists are rushing to send some remaining seeds to a “doomsday” vault in Norway so they can be available to provide food crops in…",https://e360.yale.edu/features/seed-banks-war-palestine-ukraine-sudan-syria,2025-06-20T18:21:00Z,Yale.edu,"The spate of wars across the world in 2025 has unexpected victims: seeds. Some of the worlds most critical stores of crop genes for future plant breeding, held in seed banks and research farms in con… [+14257 chars]"
Four plead guilty in massive bribery scheme at agency Democrats fought to protect from DOGE,"A former USAID official and three businessmen have plead guilty to their involvement in a $550 million bribery scandal, according to the Justice Department.",https://www.foxnews.com/politics/four-plead-guilty-massive-bribery-scheme-agency-democrats-fought-protect-from-doge,2025-06-20T18:00:33Z,Fox News,"The United States Agency for International Development (USAID), an agency essentially dismantled by DOGE amid complaints from Democrats that cutting waste would harm impoverished countries, is at the… [+5084 chars]"
Elizabeth Warren demands answers over reports of $500m deal for controversial Gaza Health Foundation,Senator from Massachusetts questions state department’s redirection of $500m to troubled organization,https://www.yahoo.com/news/senator-elizabeth-warren-demands-answers-160736319.html,2025-06-20T16:07:36Z,Yahoo Entertainment,"Elizabeth Warren has confronted the US secretary of state, Marco Rubio, over reports that the state department is considering redirecting $500m from USAID to the controversial Gaza Humanitarian Found… [+2644 chars]"
Thriving Southern Cities Face Economic Threat From Funding Cuts,The same economic anchor that propelled North Carolina’s Research Triangle into one of America’s most thriving economies now risks becoming a liability. Major academic institutions in the community have helped lure businesses of all sizes — and the jobs that …,https://www.insurancejournal.com/news/southeast/2025/06/20/828627.htm,2025-06-20T14:09:51Z,Insurance Journal,"The same economic anchor that propelled North Carolina’s Research Triangle into one of America’s most thriving economies now risks becoming a liability.
Major academic institutions in the community … [+7738 chars]"
WE ARE BEING AMUSED AND ABUSED TO DEATH,"“But we had forgotten that alongside Orwell’s dark vision, there was another—slightly older, slightly less well known, equally chilling: Aldous Huxley’s Brave New World. Contrary to common belief even among the educated, Huxley and Orwell did not prophesy the…",https://www.activistpost.com/we-are-being-amused-and-abused-to-death/,2025-06-20T10:00:00Z,Activistpost.com,"But we had forgotten that alongside Orwells dark vision, there was anotherslightly older, slightly less well known, equally chilling: Aldous Huxleys Brave New World. Contrary to common belief even am… [+20380 chars]"
Giving Birth Almost Killed Me. Pregnancy Shouldn’t Be So Dangerous.,"Karina Piser



Every year, tens of thousands of women bleed to death after having a baby. Cuts to aid and attacks on reproductive rights will make postpartum complications even more deadly.




The post Giving Birth Almost Killed Me. Pregnancy Shouldn’t Be…",https://www.thenation.com/?post_type=article&p=560801,2025-06-20T09:00:00Z,Thenation.com,"Every year, tens of thousands of women bleed to death after having a baby. Cuts to aid and attacks on reproductive rights will make postpartum complications even more deadly.
Ad Policy
A pregnant w… [+15760 chars]"
Glenn Kessler Fact-Checks Rubio-Vance Lies About Foreign Aid,"Glenn Kessler is the fact-checker for The Washington Post. He wrote: “There are all these humanitarian programs, where we sent money to people for medicine, for food, okay? What I thought, before I got into government, what most Americans think is, okay, so w…",https://dianeravitch.net/2025/06/19/glenn-kessler-fact-checks-rubio-vance-lies-about-foreign-aid/,2025-06-19T15:00:00Z,Dianeravitch.net,"Glenn Kessler is the fact-checker for The Washington Post. 
He wrote: 
There are all these humanitarian programs, where we sent money to people for medicine, for food, okay? What I thought, before … [+9791 chars]"
Meet The Civil Servants Under Attack By The Trump Administration,"Meet The Civil Servants Under Attack By The Trump Administration (gift link) Sabrina Imbler, writing for Defector, has been interviewing fired government employees and others impacted by the Trump Administration's reckless cuts to federal agencies.Gift links …",https://www.metafilter.com/209259/Meet-The-Civil-Servants-Under-Attack-By-The-Trump-Administration,2025-06-19T13:56:22Z,Metafilter.com,MetaFilter is a weblog that anyone can contribute a link or a comment to. A typical weblog is one person posting their thoughts on the unique things they find on the web. This website exists to break… [+120 chars]
"House Gets Opportunity To Defund USAID, PBS, And NPR","By George Caldwell, The Daily Signal | June 11, 2025
House Republicans on Thursday will face perhaps the greatest test yet of whether they mean business about decreasing the size of the federal government.
The House Republican Conference will vote on a legisl…",https://biztoc.com/x/246051506427b240,2025-06-19T11:15:14Z,Biztoc.com,"By George Caldwell, The Daily Signal | June 11, 2025House Republicans on Thursday will face perhaps the greatest test yet of whether they mean business about decreasing the size of the federal govern… [+148 chars]"
South Sudan’s Man-Made Humanitarian Catastrophe,"Click to expand Image
 



 
 
 

 
 
 
 
 A villager who had volunteered to fetch gunny bags containing food rations from the site of an air drop takes a break at a village in Ayod county, South Sudan, February 6, 2020.
 © 2020 Tony Karumba/AFP via Getty Ima…",https://www.hrw.org/news/2025/06/19/south-sudans-man-made-humanitarian-catastrophe,2025-06-19T10:55:34Z,Human Rights Watch,"South Sudan is once again on the brink of full-scale humanitarian catastrophe, propelled by conflict, attacks on civilians and humanitarian infrastructure, and political turmoil.
According to the la… [+3043 chars]"
The Democratic National Committee is broke and broken,"The leftists I follow on social media are very consistent: It’s the end for Trump and the Republicans. This time (and the phrase “this time” has different meanings every day) it’s all going to end. However, the reality seems t...",https://www.americanthinker.com/blog/2025/06/the_democratic_national_committee_is_broke_and_broken.html,2025-06-19T04:00:00Z,Americanthinker.com,The leftists I follow on social media are very consistent: It’s the end for Trump and the Republicans. This time (and the phrase “this time” has different meanings every day) it’s all going to end. H… [+4113 chars]
FDA Approves a Twice-Yearly Shot to Prevent HIV,The approval could slow new infections and move the world closer to eliminating HIV. But huge obstacles remain.,https://time.com/7295343/fda-hiv-shot-lenacapavir-yeztugo/,2025-06-18T20:59:38Z,Time,"On June 18, the U.S. Food and Drug Administration (FDA) approved the first medicine to prevent HIV that only has to be taken twice a year. People who are at high risk for HIV can now take the injecti… [+7788 chars]"
The New Danger in Trump’s Washington: Honoring Federal Employees,Can recognition for outstanding work suddenly be a bad thing?,https://www.theatlantic.com/politics/archive/2025/06/federal-employees-trump-doge-sammie-awards/683222/,2025-06-18T18:16:00Z,The Atlantic,"In some ways, last night’s Sammie awards—also known as the Oscars for federal employees—proceeded just as they do every year. In a packed auditorium a few blocks from the White House, government lumi… [+8199 chars]"
The Global Mental Health Crisis Surges Amid $200 Billion Funding Gap,"Although access to mental health and psychosocial support services is considered a fundamental human right by the United Nations (UN), hundreds of millions of people experience limited or inadequate access to mental health and psychosocial support services. O…",https://www.ipsnews.net/2025/06/global-mental-health-crisis-surges-amid-200-billion-funding-gap/,2025-06-18T02:52:21Z,Inter Press Service,"Armed Conflicts, Climate Change, Crime &amp; Justice, Education, Environment, Global, Headlines, Health, Human Rights, TerraViva United NationsIn New York, participants attend the multi-stakeholders … [+6129 chars]"
"As Luxon heads to China, his government’s pivot toward the US is a stumbling block","It’s becoming harder to argue NZ shares common values and interests with the Trump administration, or that the alliance balances Chinese assertiveness in the Pacific.",https://theconversation.com/as-luxon-heads-to-china-his-governments-pivot-toward-the-us-is-a-stumbling-block-259129,2025-06-17T18:25:23Z,The Conversation Africa,"Ahead of his first visit to China, Prime Minister Christopher Luxon has been at pains to present meetings with Chinese premier Xi Jinping and other leaders as advancing New Zealand’s best interests.
… [+6165 chars]"
Can the US Truly Come Back From Trump 2.0?,"“We’re back,” I tell the room. It’s January 21, 2029, and I can barely contain my excitement. “America is back!”I expect applause, but there is none.I try again, louder this time. “After four long years, America is finally back! We’re ready to resume our inte…",https://tomdispatch.com/approaching-the-end-of-liberal-internationalism/,2025-06-17T16:22:40Z,Tomdispatch.com,"Were back, I tell the room. Its January 21, 2029, and I can barely contain my excitement. America is back!
I expect applause, but there is none.
I try again, louder this time. After four long years… [+13598 chars]"
Asia’s Autocrats Welcome USAID’s End,Conspiracy theories about U.S. power are now shared by the Trump administration.,http://foreignpolicy.com/2025/06/17/asia-dictators-usaid-trump-conspiracy-theories/,2025-06-17T14:04:03Z,Foreign Policy,"Elon Musk and U.S. President Donald Trump have gutted the U.S. Agency for International Development (USAID), the long-standing U.S. program focused on humanitarian aid. But despite cries of outrage f… [+9280 chars]"
"When developing countries band together, lifesaving drugs become cheaper and easier to buy − with trade-offs",Pharmaceutical companies have little incentive to sell drugs to countries that can’t afford them. But bargaining together can increase access to vital treatments worldwide.,https://theconversation.com/when-developing-countries-band-together-lifesaving-drugs-become-cheaper-and-easier-to-buy-with-trade-offs-255383,2025-06-17T12:34:40Z,The Conversation Africa,"Pooling procurement of drugs could increase the availability of essential treatments around the globe. narvo vexar/iStock via Getty Images Plus
Procuring lifesaving drugs is a daunting challenge in … [+8144 chars]"
Asian Philanthropy Can and Must Lead From Within (Blog),"How Asian philanthropists are embracing adaptive, blended, and locally informed approaches to transform the uncertainty of global aid into opportunity.",https://ssir.org/articles/entry/asian-philanthropy-response-to-global-aid-cuts,2025-06-17T12:00:00Z,Ssir.org,Asian philanthropists are increasingly concerned about the ripple effects of shrinking global aid. In addition to the striking financial clawback and restructuring of the US Agency for International … [+10675 chars]
"Philanthropy Must Stand, Deliver, and Listen (Blog)",Any response to this moment must include careful reflection on philanthropy's role in a democratic society.,https://ssir.org/articles/entry/philanthropy-must-stand-deliver-and-listen,2025-06-17T12:00:00Z,Ssir.org,"If there is one thing that distinguishes the role philanthropy must play in the current crisis brought on by the Trump administrations dismantling of the liberal state, it is the extent to which phil… [+8396 chars]"
The Left Not So Happy With The Monster They Created,"The pervasive talking point of the Left since President Trump returned to office is that he is trying to make himself into a “dictator.” Starting in the early weeks of his new term, the main evidence for the “dictator” claim was said to be Trump’s actions to …",https://freerepublic.com/focus/f-chat/4323530/posts,2025-06-17T11:51:59Z,Freerepublic.com,"Skip to comments.
The Left Not So Happy With The Monster They CreatedManhattan Contrarian ^
 | 13 Jun, 2025
 | Francis Menton
Posted on 06/17/2025 4:51:59 AM PDT by MtnClimber
The pervasive talk… [+7801 chars]"
"Nepal witnesses fall in foreign aid, grants in recent years","Kathmandu, June 17: Nepal is facing a sharp decline in foreign aid at a time when domestic revenue collection has […]
The post Nepal witnesses fall in foreign aid, grants in recent years appeared first on Peoples' Review.",https://mypeoplesreview.com/2025/06/17/nepal-witnesses-fall-in-foreign-aid-grants-in-recent-years/,2025-06-17T10:15:00Z,Mypeoplesreview.com,"Kathmandu, June 17: Nepal is facing a sharp decline in foreign aid at a time when domestic revenue collection has fallen short, creating a funding gap for national development. In the past four years… [+3275 chars]"
Weaponizing Food Worsens Starvation,"Wars, economic shocks, planetary heating and aid cuts have worsened food crises in recent years, with almost 300 million people now threatened by starvation. Why hunger? World food production has increased almost fourfold since 1960. FAO statistics indicate e…",https://www.ipsnews.net/2025/06/weaponizing-food-worsens-starvation/,2025-06-17T06:21:39Z,Inter Press Service,"Armed Conflicts, Economy &amp; Trade, Environment, Food and Agriculture, Food Security and Nutrition, Food Sustainability, Food Systems, Global, Headlines, Inequality, Poverty &amp; SDGs, TerraViva U… [+5406 chars]"
"Former USAID contracting officer, three corporate executives plead guilty to $550M federal contract bribery scheme","Former USAID contracting officer Roderick Watson and three corporate executives pleaded guilty to a decade-long bribery scheme that secured over $550 million in federal contracts through corruption. The scheme involved Apprio, Inc. and PM Consulting Group LLC…",https://www.naturalnews.com/2025-06-17-usaid-official-executives-plead-guilty-bribery-scheme.html,2025-06-17T06:00:00Z,Naturalnews.com,<ul><li>Former USAID contracting officer Roderick Watson and three corporate executives pleaded guilty to a decade-long bribery scheme that secured over $550 million in federal contracts through corr… [+5539 chars]
"EPP backtracks from commitments on UN Agenda 2030, and sides with far right","Due to the EPP siding with the far right, the European Parliament has voted down the report on financing for development ahead of the Fourth International Conference in Seville. The report should have called on member states to increase their commitment to in…",http://pr.euractiv.com/node/270281,2025-06-16T23:00:00Z,EURACTIV,"Due to the EPP siding with the far right, the European Parliament has voted down the report on financing for development ahead of the Fourth International Conference in Seville. The report should hav… [+3061 chars]"
Sudan in danger of self-destructing as conflict and famine reign,"The war is in strategic stalemate, but Sudan is no-one's priority - an orphan in a region that is ablaze.",https://www.bbc.com/news/articles/cg717385nj7o,2025-06-16T22:53:57Z,BBC News,"Alex de Waal
More than half of Sudan's 45 million people have been wrenched from their homes
Sudan's war is in strategic stalemate. Each side stakes its hopes on a new offensive, a new delivery of … [+7467 chars]"
"No Kings, Just Chaos","As Trump’s $45 million military pageant fizzled, millions joined protests, a political assassination shook Minnesota, and Israel launched surprise strikes on Iran. Our editors make sense of a disorienting weekend.
The post No Kings, Just Chaos appeared first …",http://washingtonmonthly.com/2025/06/16/no-kings-just-chaos/,2025-06-16T18:48:56Z,Washington Monthly,"Washington Monthly Editor in Chief Paul Glastris, Politics Editor Bill Scher and Executive Editor for Digital Matt Cooper join Anne Kim to talk about this weekend’s protests, Trump’s flop of a milita… [+32452 chars]"
Academy of Nutrition and Dietetics Leads Trusted Health Organizations in Urging Congress to Protect Investments in Nutrition Security,"Chicago, June 16, 2025 (GLOBE NEWSWIRE) -- The Academy of Nutrition and Dietetics, the world’s largest organization of food and nutrition professionals, sent a letter to key members of Congress on Friday, June 13, 2025, urging them to reject proposed cuts to …",https://www.globenewswire.com/news-release/2025/06/16/3100111/0/en/Academy-of-Nutrition-and-Dietetics-Leads-Trusted-Health-Organizations-in-Urging-Congress-to-Protect-Investments-in-Nutrition-Security.html,2025-06-16T16:18:00Z,GlobeNewswire,"Chicago, June 16, 2025 (GLOBE NEWSWIRE) -- The Academy of Nutrition and Dietetics, the worlds largest organization of food and nutrition professionals, sent a letter to key members of Congress on Fri… [+11628 chars]"
How Johnson pulled off another impossible win with just 1-vote margin on $9.4B spending cut bill,"House Republicans pass $9.4 billion spending cuts bill with a 214-212 vote, showcasing Speaker Johnson's ability to navigate tough legislation despite the slim GOP majority in the House.",https://www.foxnews.com/politics/how-johnson-pulled-off-another-impossible-win-just-1-vote-margin-9-4b-spending-cut-bill,2025-06-16T15:57:45Z,Fox News,"Join Fox News for access to this content
Plus special access to select articles and other premium content with your account - free of charge.
By entering your email and pushing continue, you are ag… [+8910 chars]"
Why Senate Republicans might not let Trump give back $9.3 billion,"Trump's effort to codify DOGE cuts to via rescission package could be in trouble in the Senate as funding PBS, NPR, and USAID remains popular with some senators",https://biztoc.com/x/5c0679c936fe6eb9,2025-06-16T10:49:16Z,Biztoc.com,"Trump's effort to codify DOGE cuts to via rescission package could be in trouble in the Senate as funding PBS, NPR, and USAID remains popular with some senators
This story appeared on msnbc.com, 202… [+16 chars]"
"‘We Are Less Safe, Plain and Simple’","Former CDC director Tom Frieden warns that when it comes to the damage Trump and RFK Jr. are doing to the CDC and public health: ‘We are less safe, plain and simple.’",http://nymag.com/intelligencer/article/tom-frieden-on-trump-and-rfk-jr-attack-on-cdc-public-health.html,2025-06-16T10:00:41Z,New York Magazine,"When Donald Trump vowed to let Robert F. Kennedy Jr. go wild on Americas health in October, he meant it. The Health and Human Services secretary has overseen a bloodbath at Americas public health age… [+21550 chars]"
Why Senate Republicans might not let Trump give back $9.3 billion,"Trump's effort to codify DOGE cuts to via rescission package could be in trouble in the Senate as funding PBS, NPR, and USAID remains popular with some senators",https://www.msnbc.com/opinion/msnbc-opinion/trump-doge-senate-rescission-bill-rcna212870,2025-06-16T10:00:00Z,MSNBC,"Last week, House Republicans narrowly passed President Donald Trumps so-called rescissions package. The bill would rescind $9.3 billion in previously appropriated funding, including $1.1 billion from… [+4894 chars]"
Israel’s Crimes of the Century,Alleging Israel has committed ‘war crimes’ suggests a recognizable event: that there is a war happening and there are some crimes in it. Gaza is different.,http://nymag.com/intelligencer/article/israel-palestine-gaza-war-crimes-genocide.html,2025-06-16T09:00:36Z,New York Magazine,"On April 4, the Palestinian poet Mosab Abu Toha posted a video of an obliterated urban landscape. Suddenly, there are bombs: Smoke erupts from the base of the buildings, and two large objects are eje… [+61397 chars]"
Trump’s Trade School Trojan Horse,"Trump’s Trade School Trojan Horse

 


 
Elizabeth Redden

Mon, 06/16/2025 - 03:00 AM

Higher ed must resist attempts to pit one sector against another, Rachel Lipson and Robert Schwartz write.
 
 Byline(s)

 
 Rachel Lipson

 Robert Schwartz",https://www.insidehighered.com/opinion/views/2025/06/16/dont-fall-trumps-trade-school-trojan-horse-opinion,2025-06-16T07:00:00Z,Inside Higher Ed,"In one of his all-too-frequent rants on Truth Social last month, President Trump posted, I am considering taking Three Billion Dollars of Grant Money away from a very antisemitic Harvard, and giving … [+5054 chars]"
"House passes $9.4 billion rescissions bill slashing NPR, PBS, USAID funding","The U.S. House narrowly approved a bill on June 12 cutting $9.4 billion from public broadcasting and foreign aid, marking the first implementation of recommendations from DOGE. The bill includes $8.3 billion in cuts to USAID programs, such as refugee aid, gen…",https://www.naturalnews.com/2025-06-16-house-passes-bill-slashing-npr-pbs-usaid-funding.html,2025-06-16T06:00:00Z,Naturalnews.com,"<ul><li>The U.S. House narrowly approved a bill on June 12 cutting $9.4 billion from public broadcasting and foreign aid, marking the first implementation of recommendations from DOGE.</li><li>The bi… [+5067 chars]"
War at the Top,"The falling out between Donald Trump and Elon Musk would make a grand opera. Two titans of business who entered a political marriage of convenience have had a predictable clash of egos and, instead of parting company privately, have flung mud at each other in…",https://www.counterpunch.org/2025/06/16/war-at-the-top/,2025-06-16T05:56:36Z,CounterPunch,"Photograph Source: The White House – Public Domain
The falling out between Donald Trump and Elon Musk would make a grand opera. Two titans of business who entered a political marriage of convenience… [+9337 chars]"
Approaching the End of Liberal Internationalism: Will America Ever Rejoin the International Community?,"( Tomdispatch.com ) - “We’re back,” I tell the room. It’s January 21, 2029, and I can barely contain my excitement. “America is back!” I expect applause, but there is none. I try again, louder this time. “After four long years, America is finally back! We’re …",https://www.juancole.com/2025/06/approaching-internationalism-international.html,2025-06-16T04:04:59Z,Juancole.com,"( Tomdispatch.com ) – “We’re back,” I tell the room. It’s January 21, 2029, and I can barely contain my excitement. “America is back!”
I expect applause, but there is none.
I try again, louder this… [+13620 chars]"
USAID cuts risk reviving TB – ‘disaster is looming’,"Vital research, support and tracing efforts to contain the infectious disease in countries, including India, are struggling to survive.",https://scroll.in/article/1083244/disaster-is-looming-usaid-cuts-risk-reviving-tb,2025-06-15T14:01:45Z,Scroll.in,"At a tense meeting in Nigerias capital Abuja, health workers poured over drug registers and testing records to gauge whether US aid cuts would unravel years of painstaking work against tuberculosis i… [+5492 chars]"
"USAID Official and Three Others Plead Guilty After Decade-Long, Half-Billion Dollar Bribery Scheme Falls Apart","The bribes included cash, laptops, thousands of dollars in tickets to a suite at an NBA game, a country club wedding, and jobs for relatives.",https://www.westernjournal.com/usaid-official-three-others-plead-guilty-decade-long-half-billion-dollar-bribery-scheme-falls-apart/,2025-06-15T11:38:04Z,Westernjournal.com,"An official with a government agency that President Donald Trump targeted for elimination has pleaded guilty, along with three businessmen, to being part of a decade-long bribery scheme that involved… [+4775 chars]"
How Trump Is Transforming Higher Education: The View from 4 Campuses,"Steven Yoder, Felicia Mello, Alexandra Villarreal, Miles MacClure



At universities in California, Illinois, Louisiana, and Texas, students report changes to clubs, diminished research opportunities, and fears for international students’ safety.




The po…",https://www.thenation.com/article/society/trump-higher-education-california-illinois-louisiana-texas/,2025-06-15T08:45:00Z,Thenation.com,"At universities in California, Illinois, Louisiana, and Texas, students report changes to clubs, diminished research opportunities, and fears for international students safety.
Ad Policy
People wal… [+27298 chars]"
G7 summit: Who is attending and what’s on the agenda?,"With Donald Trump back at the helm in the US, this week's G7 meeting is expected to be tense after he walked out in 2018",https://www.aljazeera.com/news/2025/6/15/g7-summit-who-is-attending-and-whats-on-the-agenda,2025-06-15T04:25:46Z,Al Jazeera English,"Leaders of the Group of Seven (G7) countries Canada, France, Germany, Italy, Japan, the United Kingdom and the US will meet on Sunday in the remote town of Kananaskis, Alberta, nestled in the foothil… [+10710 chars]"
US AID freeze affecting local health programmes,"Health and Social Services Minister Dr. Esperance Luvindao says several local health programmes have been affected by the 90-day pause in United States foreign aid, including reduced support for healthcare workers and essential services.",https://nbcnews.na/node/111403,2025-06-14T18:15:55Z,Nbcnews.na,"Health and Social Services Minister Dr. Esperance Luvindao says several local health programmes have been affected by the 90-day pause in United States foreign aid, including reduced support for heal… [+2097 chars]"
USAID Official and Three Corporate Executives Plead Guilty to Decade-Long Bribery Scheme Involving Over $550 Million in Contracts; Two Companies Admit Criminal Liability for Bribery Scheme and Securities Fraud,"Four men, including a government contracting officer for the United States Agency for International Development (USAID) and three owners and presidents of companies, have pleaded guilty for their roles in a decade-long bribery scheme involving at least 14 pri…",https://freerepublic.com/focus/f-chat/4323013/posts,2025-06-14T16:11:10Z,Freerepublic.com,"Four men, including a government contracting officer for the United States Agency for International Development (USAID) and three owners and presidents of companies, have pleaded guilty for their rol… [+12059 chars]"
Tax Breaks: The New Chapter Is Beginning At The IRS Edition,"Plus: A new IRS commissioner, update on the Big Beautiful Bill Act, the jock tax, donating clothes to charity, IRS efforts to thwart identity theft, filing deadlines, tax trivia, and more.",https://www.forbes.com/sites/kellyphillipserb/2025/06/14/tax-breaks-the-new-chapter-is-beginning-at-the-irs-edition/,2025-06-14T14:00:00Z,Forbes,"It's a new chapter at the IRS.
getty
The traditional individual tax filing season ended two months ago (those of us on extension still have a few months to go), but the IRS is still in the news. Mo… [+20020 chars]"
Global Health Governance in the Age of AI | Think Global Health,National security agencies and tech regulators are rapidly developing governance for AI and biotechnology,https://www.thinkglobalhealth.org/article/global-health-governance-age-ai,2025-06-14T12:14:11Z,Thinkglobalhealth.org,The systems designed to shield the world from biological catastrophe are quietly falling behind. A silent shift is underway as artificial intelligence (AI) transforms pathogen design and synthetic bi… [+9319 chars]
Trump’s “aid” boss oversees lethal food distribution in Gaza,Rev. Johnnie Moore dismisses Palestinian deaths as “without incident.”,https://electronicintifada.net/blogs/michael-f-brown/trumps-aid-boss-oversees-lethal-food-distribution-gaza,2025-06-14T05:35:16Z,Electronicintifada.net,"Michael F. BrownRights and Accountability14 June 2025
A Palestinian child rests in the Nasser Medical Complex after being shot in the abdomen by Israeli occupation forces while seeking food at a Gaz… [+10605 chars]"
How Trump's Africa strategy may become a double-edged sword,US aid to Africa has been cut and now defence is in Trump's sights - but it may prove more costly.,https://www.bbc.com/news/articles/cj427q1rk58o,2025-06-14T02:00:10Z,BBC News,"The focus of US military strategy in Africa is changing under Trump
With US President Donald Trump on a cost-cutting warpath since starting his second term, aid to Africa has been slashed and now de… [+8801 chars]"
USAID official pleads guilty to taking part in $550M bribery scheme: ‘Violated the public trust’,"Roderick Watson, of Maryland, is alleged to have received bribes valued in excess of $1 million while working at USAID, in exchange for using his position as a trusted overseer of taxpayer money.",https://nypost.com/2025/06/13/us-news/usaid-official-pleads-guilty-to-taking-part-in-550m-bribery-scheme-violated-the-public-trust/,2025-06-14T00:15:26Z,New York Post,A federal contracting officer and three businessmen pleaded guilty Thursday to participating in a $550 million bribery scheme involving the embattled US Agency for International Development (USAID). … [+3408 chars]
"USAID official, 3 execs plead guilty in bribery scheme with over $550 million in contracts",A United States Agency of International Development (USAID) official as well as three corporate executives have pleaded guilty in a decades-long bribery scheme connected to over $550 million in contracts. According to a press release from the Department of Ju…,https://freerepublic.com/focus/f-news/4322923/posts,2025-06-13T23:17:29Z,Freerepublic.com,"Skip to comments.
USAID official, 3 execs plead guilty in bribery scheme with over $550 million in contractsthepostmillenial.com ^
 | June 13, 2025
 | Thomas Stevenson
Posted on 06/13/2025 4:17:2… [+3431 chars]"
How El Salvador’s Government Impeded a Probe of MS-13,"This story was published first by ProPublica, a nonprofit newsroom that investigates abuses of power. Sign up for ProPublica’s Big Story newsletter to receive our biggest stories as soon as they are published. In mid-April, President Donald Trump sat down in …",https://www.motherjones.com/politics/2025/06/how-el-salvadors-government-impeded-a-probe-of-ms-13-trump-usaid/,2025-06-13T20:05:30Z,Mother Jones,"President Donald Trump meets with El Salvador President Nayib Bukele in the Oval Office on April 14, 2025.Daniel Torok/White House/ZUMA
Get your news from a source thats not owned and controlled by … [+34487 chars]"
A Thousand Cuts To Higher Education: When ‘To What End?’ Gives Way To ‘What To End?’ (And ‘Where To Next?’),Threats and changes are happening so quickly and there are so many to track that the impacts are becoming incalculable. Higher ed is on the verge of “throw up the hands” moment that neither the institutions nor the nation can afford.,https://www.forbes.com/sites/davidrosowsky/2025/06/13/a-thousand-cuts-to-higher-education-when-to-what-end-gives-way-to-what-to-end-and-where-to-next/,2025-06-13T19:57:45Z,Forbes,"Authors note: This essay is not political, either overtly or in its underlying message. It is not partisan, nor is it part of a lobbying effort. It is (I hope) neither defensive nor offensive. Rather… [+15582 chars]"
Trump Is Trying To Defund An Agency That Saves Billions In Taxpayer Money,The White House wants to slash the $85 million budget to $0 for the inspector general’s office that focuses on investigating fraud in foreign aid.,https://www.forbes.com/sites/thomasbrewster/2025/06/13/trump-defunding-an-agency-saving-billions-in-taxpayer-money/,2025-06-13T18:05:21Z,Forbes,"President Trump isn't just trying to get rid of USAID, he has plans to defund the agency that investigates the foreign aid department for fraud, waste and child abuse, among other crimes. (Photo by A… [+6789 chars]"
El Salvador President and Trump Ally Bukele Accused of Cutting Deals With MS-13 Gang Members Using U.S. Aid,"Nayib Bukele has come to be known as the face fighting against gang violence and justice. However, a new ProPublica investigation reveals that image may be misleading.",https://www.ibtimes.com/el-salvador-president-trump-ally-bukele-accused-cutting-deals-ms-13-gang-members-using-us-aid-3775587,2025-06-13T17:19:57Z,International Business Times,"In the first months of the Trump administration, the U.S. president found a close ally in El Salvador leader Nayib Bukele, particularly by making a deal to quickly deport Venezuelan migrants believed… [+3686 chars]"
"Codifying DOGE cuts, Republicans vote to claw back foreign aid, NPR and PBS funds","On Capitol Hill, it’s common for lawmakers to approve funding measures, but it’s more unusual to see members un-approve funding through rescissions packages.",https://www.msnbc.com/rachel-maddow-show/maddowblog/codifying-doge-cuts-republicans-vote-claw-back-foreign-aid-npr-pbs-fun-rcna212887,2025-06-13T16:21:08Z,MSNBC,"On Capitol Hill, its common for lawmakers to approve funding measures, but its far more unusual to see members un-approve funding measures. With this in mind, the latest NBC News report from Capitol … [+3731 chars]"
Republicans to watch when Trump’s $9.4 billion cut comes to the Senate,"In an age of unprecedented national debt, $9.4 billion is just a drop in a bucket, coming in at about 27 bucks per American. But still — still! — it might not pass the U.S. Senate, where it’s headed after the House of Representatives’ yes vote on Thursday. Th…",https://www.theblaze.com/columns/opinion/republicans-to-watch-when-trumps-9-4-billion-cut-comes-to-the-senate,2025-06-13T15:52:25Z,TheBlaze,"In an age of unprecedented national debt, $9.4 billion is just a drop in a bucket, coming in at about 27 bucks per American. But still still! it might not pass the U.S. Senate, where its headed after… [+7922 chars]"
Effect of active follow-up of women with previous cesarean delivery on uptake of timely safe obstetric and surgical care: Comparison between pre-intervention and intervention cohorts in Rwanda,Introduction The rate of cesarean delivery (CD) in Rwanda has increased significantly from 2.2% in 2000 to 15.6% in 2020. Given increasing risks in subsequent pregnancy following CD it is important that women who have had a prior cesarean section plan and sch…,https://journals.plos.org/plosone/article?id=10.1371/journal.pone.0325884,2025-06-13T14:00:00Z,Plos.org,"Abstract
Introduction
The rate of cesarean delivery (CD) in Rwanda has increased significantly from 2.2% in 2000 to 15.6% in 2020. Given increasing risks in subsequent pregnancy following CD it is … [+30073 chars]"
Spatial distribution of stunting among breast feeding children in Sub-Sahara Africa,"Background Malnutrition is still a major global public health issue, especially in Sub-Saharan Africa (SSA), where millions of children suffer from stunting, a chronic form of the disease. In addition to limiting physical growth, stunting also impedes social …",https://journals.plos.org/plosone/article?id=10.1371/journal.pone.0325812,2025-06-13T14:00:00Z,Plos.org,"Abstract
Background
Malnutrition is still a major global public health issue, especially in Sub-Saharan Africa (SSA), where millions of children suffer from stunting, a chronic form of the disease.… [+29854 chars]"
Career Advice For Unemployed Social Impact Workers Hit By Federal Cuts,"US government-related layoffs have impacted thousands of public, private & nonprofit workers concerned with social impact. Advice on pivoting to build a new career.",https://www.forbes.com/sites/davidhessekiel/2025/06/13/career-advice-for-unemployed-social-impact-workers-hit-by-federal-cuts/,2025-06-13T13:36:57Z,Forbes,Many people take jobs in the federal government or with organizations that receive government funding because want their work to create positive social impact. Many such workers have been laid off fr… [+4568 chars]
"""Millions of Lives at Risk"": USAID Cuts Lead to Global Rise in Death, Hunger, Poverty and Disease",Secretary of State Marco Rubio has ordered the termination of all remaining overseas employees of USAID to complete the dismantling of the six-decade-old agency. USAID was an early target of Elon Musk and DOGE. We look at the dismantling of USAID and what it …,https://www.democracynow.org/2025/6/13/us_aid_cuts_international_impact,2025-06-13T12:45:15Z,Democracy Now!,"This is viewer supported news. Please do your part today.
Donate
Secretary of State Marco Rubio has ordered the termination of all remaining overseas employees of USAID to complete the dismantling … [+985 chars]"
"House Approves Bill That Would Claw Back $9.4 Billion In Funding, Now Moves To Senate",The House of Representatives voted in favor of a bill to rescind $9.4 billion in funding for public broadcasting (including public radio and public TV) and international aid.,https://www.forbes.com/sites/kellyphillipserb/2025/06/13/house-approves-bill-that-would-claw-back-94-billion-in-funding-now-moves-to-senate/,2025-06-13T12:34:37Z,Forbes,"WASHINGTON, DC - JUNE 9: The U.S, Capitol Building seen at dusk on June 9, 2025 in Washington, DC. (Photo by Kevin Carter/Getty Images)
Getty Images
As expected, the House of Representatives voted … [+4530 chars]"
Forbes Daily: Israel Strikes Iran As Trump Pushes For A Nuclear Deal,"Friday's Forbes Daily newsletter covers  Trump's Gold Card visa red flags, Chime's shining IPO, Larry Ellison becomes the No. 2 richest, Trump's crypto fortune & more.",https://www.forbes.com/sites/daniellechemtob/2025/06/13/forbes-daily-israel-strikes-iran-as-trump-pushes-for-a-nuclear-deal/,2025-06-13T12:15:52Z,Forbes,President Donald Trump has touted his $5 million Gold Card visa as a way to raise trillions of dollars for the U.S. But a new website launching the initiative doesnt look or feel like a legitimate go… [+8594 chars]
Biggest-Ever Aid Cut by G7 Members a Death Sentence for Millions of People,"Aid cuts could cost millions of lives and leave girls, boys, women and men without access to enough food, water, education, health treatment. G7 countries are making deliberate and deadly choices by cutting life-saving aid, enabling atrocities, and reneging o…",https://www.ipsnews.net/2025/06/biggest-ever-aid-cut-g7-members-death-sentence-millions-people/,2025-06-13T11:06:14Z,Inter Press Service,"Africa, Asia-Pacific, Development &amp; Aid, Economy &amp; Trade, Featured, Headlines, IPS UN: Inside the Glasshouse, Sustainable Development Goals, TerraViva United NationsOpinion
Credit: United Na… [+7271 chars]"
How Trump’s Obsession With Weight Explains His Misrule,"When President Donald Trump addressed Army troops June 10 at Fort Bragg, his audience was screened for political leanings and physical appearance. “No fat soldiers,” read one unit-level message, according to Konstantin Toropin and Steve Beynon of Military.com…",https://newrepublic.com/article/196784/trump-obsession-weight-explains-misrule,2025-06-13T10:00:00Z,The New Republic,"When President Donald Trump addressed Army troops June 10 at Fort Bragg, his audience was screened for political leanings and physical appearance. No fat soldiers, read one unit-level message, accord… [+1891 chars]"
"An AIDS orphan, a pastor and his frantic search for the meds that keep her alive","In the wake of U.S. aid cuts, Pastor Billy is reminded of his twin sister's death from AIDS. He doesn't want 9-year-old Diana, who's HIV-positive, to meet the same fate.",https://www.npr.org/sections/goats-and-soda/2025/06/13/g-s1-70964/trump-africa-hiv-aids-orphan-usaid,2025-06-13T09:00:00Z,NPR,"Night had fallen hours ago, but Billiance Chondwe was not slowing down.
On Feb. 20, he frantically tapped out texts on WhatsApp, dialed distant acquaintances and left voice messages from his home in… [+23923 chars]"
"House Approves $9 Billion in Funding Cuts Affecting NPR, PBS and Foreign Aid - The New York Times","House Approves $9 Billion in Funding Cuts Affecting NPR, PBS and Foreign AidThe New York Times House votes to claw back $1.1 billion from public mediaNPR House GOP narrowly approves $9.4 billion package of DOGE cutsCNN Elon Musk's USAID cuts pass in the House…",https://slashdot.org/firehose.pl?op=view&amp;id=178035583,2025-06-13T06:14:59Z,Slashdot.org,"I think there's a world market for about five computers.
-- attr. Thomas J. Watson (Chairman of the Board, IBM), 1943"
"Winning: House Passes Rescissions Bill With Massive Spending Cuts, Package Moves to Senate","On Thursday, the United States House of Representatives narrowly passed the first rescissions package, which will eliminate billions in unnecessary spending by the federal government. The bill will now go to the Senate, where it requires only a simple majorit…",https://freerepublic.com/focus/f-news/4322763/posts,2025-06-13T05:11:12Z,Freerepublic.com,"Skip to comments.
Winning: House Passes Rescissions Bill With Massive Spending Cuts, Package Moves to SenateRed State ^
 | 06/12/2025
 | Ward Clark
Posted on 06/12/2025 10:11:12 PM PDT by SeekAnd… [+4953 chars]"
We Are Being Amused and Abused to Death,"“But we had forgotten that alongside Orwell’s dark vision, there was another—slightly older, slightly less well known, equally chilling: Aldous Huxley’s Brave New World. Contrary to common belief even among the educated, Huxley and Orwell did not prophesy the…",https://www.lewrockwell.com/2025/06/jim-quinn/we-are-being-amused-and-abused-to-death/,2025-06-13T04:01:00Z,Lewrockwell.com,"But we had forgotten that alongside Orwells dark vision, there was anotherslightly older, slightly less well known, equally chilling: Aldous Huxleys Brave New World. Contrary to common belief even am… [+20411 chars]"
