title,score,url,created,subreddit,selftext
The end of USAID means Kenyan's losing their jobs,196,https://www.reddit.com/r/Kenya/comments/1ii4bja/the_end_of_usaid_means_kenyans_losing_their_jobs/,2025-02-05 06:57:44,Kenya,"There is probably a whole industry of local Kenyan workers in NGOs and other organizations that were benefiting from US dollars in the form of USAID funding and other organizations. People who were getting Ksh400k salaries and much better than that for doing much less work than their neighbours. Those jobs directly resulted in neighbourhoods like Ruaka, Roysambu, even way up waiyaki way like Muthiga suddenly having such high rents. Its become impossible for normal hustlers to find a decent place to live near Nairobi.

I wonder what happens to these people, can they find a job somewhere else?

Also Trump has not finished, there will be more cuts, more funds and organizations that are shut down. I wonder how much the Kenyan economy was getting out of the inefficiency and extravagance of US spending??"
USAID wasn't worth it.,93,https://i.redd.it/cxv28znrhohe1.jpeg,2025-02-07 08:34:10,Kenya,"It has come to light that USAID had been funding private institutions for obvious reasons. As much as  USAID played a part in making societies better, seems like there were more sinister scenes behind the curtains. "
Saw almost an entire department in a hospital eliminated cos luck of funding to WHO/USAID,49,https://www.reddit.com/r/Kenya/comments/1ia6x01/saw_almost_an_entire_department_in_a_hospital/,2025-01-26 05:32:16,Kenya,"Dump's orders taking effect. I am mad at our governments who cant function without aid. I am mad at the likes of my brother who vote simply because of abortion and homo and never think other wise. And after working for an NGO for 6 years, I am starting to wonder what's to come next."
USAID Repercussions + Economy,12,https://www.reddit.com/r/Kenya/comments/1kmhn87/usaid_repercussions_economy/,2025-05-14 15:11:02,Kenya,"My neighbour‚Äôs wife was a very big shot in USAID and has now lost her job. Children have been removed from big private school. Husband is a big guy at PWC. Lifestyle changes are occurring rapidly as her income has vanished. Thousands of her USAID coworkers were sent home with no salaries. 

USAID Vendors, contractors, non-profits that received funding from them have all been left in a lurch. Sasa machozi zimeanza. 

Next is empty apartments around ‚Äúhigh class‚Äù areas.

UN is laying people off left right and center.

Additionally, public assistance programs in the Europe and America are being slashed so remittances by a certain sector are falling.

If you think things are hard, ngojeni mpaka December. A lot of your highlife hotspots are about to close. A lot of these restaurants are about to close. 

Crime shall return so please rudini mashambani mulime.

Avoid Mombasa, Lamu and malls.


"
"""USAID was helping pay nurses' salaries.""",2,https://www.reddit.com/r/Kenya/comments/1ii7ywd/usaid_was_helping_pay_nurses_salaries/,2025-02-05 11:32:21,Kenya,I have seen this claim being thrown around casually without any concrete referencing. Is there any official financial audit report breaking down USAID projects and how they used its funds in Kenya? 
"USAID left a month ago, do we have ARVs in Kenya?",3,https://www.reddit.com/r/Kenya/comments/1jzrn2s/usaid_left_a_month_ago_do_we_have_arvs_in_kenya/,2025-04-15 13:16:53,Kenya,"Someone on a different group (different website) was asking if now that USAID is gone, does kenya still have ARV medications? Like can people go for PEP? or those who are infected are they still getting their meds???

  
If not then we are about to enter an epidemic, where people infected start infecting others at a higher rate. Since for many people, when taking the medications they were less risk of infecting others."
USAID woes,2,https://www.reddit.com/r/Kenya/comments/1ijyka5/usaid_woes/,2025-02-07 16:10:26,Kenya,"many people don't know how USAID made many Kenyans rich and enabled some to manage a better life(financially and health-wise) lakini saii it's visible 

Almost 500k Kenyans(households) are set to lose their source of livelihood, diseases are about to spike in Africa which could've been prevented via vaccination which was funded by USAID lakini Trump ni nani

Although I don't advocate dependency as a country this one will however have a serious effect on Kenya and Africa as a whole considering corruption crisis as whole

Lakini someone said if our president can renovate the state house with billions then he also has the ability to fund the most important program ""Children Vaccination Program"" sio tu kuleta mapastor wazungu huku. 

either way the effects itaonekana before hii mwaka iishe

but real talk, Has there ever been a good US president?... who's just human for human?"
USAID HIV FUND CUTS,5,https://www.reddit.com/r/Kenya/comments/1j0am0k/usaid_hiv_fund_cuts/,2025-02-28 15:43:13,Kenya,"Guys with the recent halting of funds for HIV, what's the situation on the ground 

Are patients still getting their medication on time?

As well do you think this William ruto govt is doing something to fix this or to plug the deficit?

Or it's everyone for himself God for us all"
Is kenya capable of funding its needs now that USAID has been disbanded?,1,https://www.reddit.com/r/Kenya/comments/1j6cjze/is_kenya_capable_of_funding_its_needs_now_that/,2025-03-08 08:08:58,Kenya,How is kenya prepared to fill the vacuum of USAID assistance? 
Musk Vs USaid (Battle of the wealthiest man vs the poorest ),3,https://www.reddit.com/r/Kenya/comments/1ii77l2/musk_vs_usaid_battle_of_the_wealthiest_man_vs_the/,2025-02-05 10:37:11,Kenya,"At the end of the day, 

The USAID debacle is actually the world richest man (Musk) gutting an organization that helps the world‚Äôs poorest.

Think about that for a moment!"
EX-USAID people!! Let's talk,2,https://www.reddit.com/r/Kenya/comments/1jsb149/exusaid_people_lets_talk/,2025-04-05 19:09:10,Kenya,"Are you still in contact with the organisations that benefited from USAID? Icame across the following grant this morning and it aligns with something I had propose to a local nonprofit but they aren't serious. Let's talk asap, the deadline is 7th.

https://creativitypioneersfund.org/opencall

My pm is open, we schedule as from tomorrow morning and be done with this come 9pm. Let me know, regardless of where you are in Kenya. "
Does USAID's exit mean it's a free reign for the Bill Gates Foundation to step in and dictate Kenya's health system? Ion Beggars can't be choosers and don't look a gift horse in the mouth.,0,https://i.redd.it/cflzzr7hxihe1.jpeg,2025-02-06 13:53:51,Kenya,
How Trump's dismantling of USAID sets back African development goals as leaders scramble to reset,2,https://www.semafor.com/article/02/07/2025/usaids-dismantling-threatens-african-development,2025-02-07 17:25:11,Kenya,
USAID and Self reliance,3,https://www.reddit.com/r/Kenya/comments/1ii3qam/usaid_and_self_reliance/,2025-02-05 06:17:32,Kenya,"USAID has been scrapped and a section of Kenyans and Africans are largely celebrating the move claiming it will lead to self reliance and all that,which to be clear is a good thing, a lofty Ideal.

But I can't help but notice something those making those tik toks and tweets are mainly urban, middle class folks, you know the kind of people who probably don't rely on USAID for survival. Now since we can't build capacity to manufacture vaccines and ARVs immediately even if we wanted to and don't get me started on changing our leadership, fighting corruption and all that...none of that can happen immediately, it may take years ,perhaps even decades. My question to them is ,How many infants are you willing to see die of measles, malnutrition, polio etc in your quest for self reliance? Is it 1? 10? 100? 1000? 10,000? 100,000? How many lives are worth sacrificing for self reliance?

Now if you haven't been about the country, it may be easy to read some article in a newspaper or a tweet claiming that this professor or that think tank did a research that found aid doesn't reach their intended target and take it as gospel truth ,you may even retweet some retards' claims that the UN is useless,UNICEF is useless, WHO is useless and all that, but those of you who have been in distressed and conflict ridden areas know how absolutely crucial USAID and the UN are.

An example during the height of the last drought an estimated 4 mn Kenyans were at risk of starvation, now if you budget kes 150 for every individual per day i.e food ,distribution and administrative costs that's about 600 mn kes per day or 18bn per month. Inevitably someone will come and say but 'we lose 2bn to corruption everyday', 'we can grow our own food (completely ignoring the fact that areas that are hit hardest by famines are normally populated by nomadic pastoralists and telling them to grow their own food or practice zero grazing entails a huge lifestyle change which again takes time) and all those talking points they seem to have, but these are long term fixes but now we need a solution Now since people's lives are at risk."
"The USAID discourse, bad systems and miracle cases",10,https://www.reddit.com/r/Kenya/comments/1iiax61/the_usaid_discourse_bad_systems_and_miracle_cases/,2025-02-05 14:17:07,Kenya,"So there‚Äôs been a lot of talk about USAID halting operations, but that‚Äôs not what I‚Äôm here to discuss. What gets to me more is this tired, ridiculously simplistic idea of ‚ÄúWhy \[*insert underprivileged group*\] can‚Äôt succeed.‚Äù We need to dismantle that mindset already, it‚Äôs long overdue.

I‚Äôll use myself as an example. I \[21M\] grew up in Mukuru after we had to leave Wilson when our old mabati shack got condemned. Like so many kids around me, I was born into a system that was set up against us from day one. My parents knew the only way out was education, so they did everything they could, sacrificing upto 70% of their income at times to keep me in an *okay* boarding school. That came at the cost of their own financial stability, but it worked. I got into one of the top national schools in the country.

Then life happened. Covid wiped out my parents‚Äô income. Depression hit hard. We got evicted from a home we had lived in for 15+ years. University wasn‚Äôt even an option since we just couldn‚Äôt afford it. We were housed by my dad's friend and another friend gave me an old laptop. I taught myself programming, and two years later, I have a stable job. I‚Äôm earning decent (not crazy) money and a big chunk of it goes to my parents. For the first time in a long time, I can actually see a future.

But let‚Äôs be real about what this actually means. Compare me to the two types of friends I‚Äôve had; the ones I grew up with in Mukuru and the ones I met since high school. A little over a year ago I attended the funeral of a childhood friend who was stabbed in a gang fight. Another is reforming after he watched a bunch of his friends murdered by police (These are the shocking stories I'm picking to show contrast, not most of them live this way). The other camp is traveling, starting businesses, just living with a kind of confidence that only comes when you know the ground beneath you is solid.

>Bad systems hide behind miracle cases

I am a miracle case and if you made it out, so are you. Not because we worked harder or were smarter. But because circumstances aligned for us in ways they just didn‚Äôt for others. Maybe it was a laptop, a connection, a school or just being in the right place at the right time. I see some of these ‚Äúmiracle cases‚Äù going around saying ‚ÄúNo one helped me, I helped myself.‚Äù But really? Did you? Or did you, like me, just get enough of a break that someone else didn‚Äôt?

The idea that success is purely about individual effort is a lie. It‚Äôs a convenient story that ignores the fact that we live in a broken system where the odds are so stacked against most people that no matter how hard they try, they‚Äôll never make it. Schools in informal settlements and rural areas are falling apart. I follow [this guy on tiktok](https://www.tiktok.com/@propesacomedy) who exposes the dilapidated state of public amenities, especially schools and hospitals, in counties like Bomet. The system is designed like a burning building with one emergency exit. The few who make it out alive aren‚Äôt proof that the fire isn‚Äôt deadly. They‚Äôre just proof that they found the door and that's why it needs to go.

Some people argue that the government isn‚Äôt responsible for solving societal problems. But let‚Äôs be real, governments set the legal, economic and policy framework that shapes everything. Their decisions on education, healthcare and infrastructure don‚Äôt just influence opportunities; they decide who even gets a shot. They‚Äôre literally tasked with addressing issues like poverty and inequality. So no, it‚Äôs not just about individual effort. It‚Äôs about fixing a system where most people never even get a real chance.

So if you made it out, don‚Äôt fool yourself into thinking it was just you. Recognize the system for what it is. And more importantly, understand that real change won‚Äôt come from telling people to ‚Äújust work harder.‚Äù It‚Äôll come from fixing the structures that make survival a miracle in the first place."
USAID Cutoff: The Geopolitical Implications,1,https://www.reddit.com/r/Kenya/comments/1ijq2tu/usaid_cutoff_the_geopolitical_implications/,2025-02-07 08:06:17,Kenya,"So far I've been reading about this and most posts in Africa cover the implications on healthcare and communities, however I'd like to discuss the Geopolitical implications. Especially in regards to the CIA.

* One most interesting use of USAID was the CIA organised fake vaccination drive to get Osama bin Laden's family DNA [guardian article](https://www.theguardian.com/world/2011/jul/11/cia-fake-vaccinations-osama-bin-ladens-dna)

>From the article
>>As part of extensive preparations for the raid that killed Bin Laden in May, CIA agents recruited a senior Pakistani doctor to organise the vaccine drive in Abbottabad, even starting the ""project"" in a poorer part of town to make it look more authentic, according to Pakistani and US officials and local residents.

* Another is the creation of ZunZuneo: The Cuban ""Twitter"" [BBC Article](https://www.bbc.com/news/world-us-canada-26876801)

>From the article
>>The scheme, first reported by the Associated Press news agency, was operated by the US Agency for International Development (USAID)
It is a federal international development organisation run under the aegis of the Department of State.

>>US officials then planned to introduce political messages to spur the network's users into dissent from their communist-run government, the Associated Press reports.

* USAID‚Äôs Role in Venezuela‚Äôs Opposition Movements (2000s‚ÄìPresent). I could only find articles from independent websites. [here](https://jacobin.com/2015/09/latin-america-wikileaks-hugo-chavez-rafael-correa-obama-venezuela-intervention/). Most of the information comes from WikiLeaks.

> From the article
>>Unable to force Morales to do its bidding, the State Department began focusing instead on strengthening the Bolivian opposition. The opposition-controlled Media Luna region began receiving increased US assistance. A cable from April 2007 discusses ‚ÄúUSAID‚Äôs larger effort to strengthen regional governments as a counter-balance to the central government.‚Äù

With so much of the CIA's operations linked to USAID, I believe that with funding cut-off the CIA will have to start operating with different models to try funding capitalistic narratives and fight off communism. Much of the operations came due to the funding to USAID, with this cut-off the CIA will have to use its own budget or initiate illegal operations to fund their own operations. As such with less of a budget future CIA operations will be less complex in order to save on costs. Operations that require large time-lines e.g. Years in operation will have to reduce in scope or timelines affecting efficiency.

With the fact that the USA could deny any foreign government operations as it would be hidden under the funding of USAID, it is possible that the CIA will have to take more direct interventions resulting in such operations being see through.

What are your thoughts on this? I think it will definitely benefit current and future Pan-Africans such as Ibrahim Traore or I could be wrong and assassinations might be done in the open regardless of blow-back."
These seven African countries will be hit the hardest by Trump's cuts at USAID,2,https://www.semafor.com/article/02/12/2025/countries-worst-hit-by-usaid-cuts,2025-02-12 15:45:17,Kenya,
USAID online assessment ,4,https://www.reddit.com/r/Kenya/comments/1bdnazf/usaid_online_assessment/,2024-03-13 09:34:34,Kenya,"Hi. 
Just got an email to undertake an online assessment for a job in USAID. Has anyone attempted before? What are the questions like. Any assistance or guidance will be appropriated. 
Thanks. "
Classism in r/Kenya and r/nairobi,165,https://www.reddit.com/r/Kenya/comments/1jtcvbx/classism_in_rkenya_and_rnairobi/,2025-04-07 04:21:12,Kenya,"The classism I'm seeing in both subs is a good example of some of the current society. Honestly, it is sickening. A week does not pass before seeing some classist posts by a few people. The sad part about this classism is that most of these people are not rich rich. If they got sick, they would probably end up in debt or selling their stuff, ama watengeneze posters za M-Changa. An observation I have made is that most people here are middle class, kids from middle-class families na watu wameshika pesa juzi juzi. Most people here ni wale hawajapitia ile season you lack things or life is not going well. Fair enough because most people here are employed so they have job security.

The other day, we had some guy talking about cheap perfumes and how they irritate him, as if everyone can afford designer perfumes. Mindless rumblings about matatus sijui ziko na nini, someone else was going on about makangas yet when Super Metro was suspended, everyone was suddenly an expert on public transport supporting collective punishment. Wewe kama matatu zimekushinda nunua gari yako. Can we talk about some of the silly rules wengine wenyu mko nazo, rules tu za ujinga that show how hii illusion ya pesa kidogo has consumed most of you people. Yani small small moneys have most of you guys shitting on others. Sasa umepata pesa juzi juzi unaona unaeza ambia watu by a certain age wanafaa kua na certain achievements. Yani mnadharau mtu juu anasema KFC ni watu wako na pesa. Now all of sudden you have money, umesave 200k youthink other people are lazy, mnaanza kuignore your struggling friends wakipiga simu mkiwawekea rules mpaka za kuwapigia or visit. This is not normal.

In my line of consultancy work, I've met very influential people, rich men and women with big cars and thousands of acres of land. The common factor in most of them was their humility. I encounter classism every day on X but ya reddit imeanza kua worse, borderline narcissistic ata. I never expected to see it among a redditors who claim to be better than people who use other social media apps, which is funny juu hakuna difference kubwa between watu wako huku na X, or even Facebook or Tiktok. Most of you guys need to learn that Kenya is a poor country. Don't let living in a 20k or 50k apartment make you arrogant. The classism here ata mgeni akikuja atafikiria Kenya is a MEDC where almost everyone is rich with a high income. The reality ni most of you mko a disease away from poverty, even if you have insurance. Pesa huisha, life changes. On LinkedIn, I saw a video of a woman who was affected na USAID cuts, akisema vile she felt lost and how she was adjusting to life. That is the reality for most of you, especially na hii economy ya kasongo. In 2022, I was averaging 250k per month before I closed my business. The next thing I knew, my world was falling apart saizo niko na bank loan ya kumaliza. Life humbles you outlook yako ya life inabadilika sana.

I have a friend wako na 90 acres Limuru na majani chai na vegetables, and this guy got an internship kusaidia watu Mathare, and his outlook in life changed completely. This is a guy from an influential family, a respected medical doctor and professor, successful by their own right. We are talking about mtu alipata cancer, akaenda majuu, stayed there and finished her treatment na akarudi Kenya, and the family did not go broke. Most of you need a similar experience muache kuona watu wengine kama sio watu because they are not doing enough before your eyes. Being classist and you do not own any significant capital or other factors of production is crazy business."
"Finally, it's gets deeper. I lost my job",183,https://www.reddit.com/r/Kenya/comments/1iny5w8/finally_its_gets_deeper_i_lost_my_job/,2025-02-12 18:39:13,Kenya,"With the recent USAID cuts, I knew we  might get here but didn't know how fast it would be. 

A little background, I have worked in NGOs for a few years now and I've realized once you start in one NGO you can easily hop to another one as long as you understand what you need to say during interviews and how to do your work.

 I recently started a consultancy with one of these big NGOs that deal with refugees. My first contract was ending on 31st Jan and I got an email today (basically due to lack of funding I've been let go). 

I know most of these NGOs dealing with refugees rely on BHA funding which comes from USAID and with that gone, most people have and will loose their jobs. DRC, Impact Initiatives,WHO, IOM are among the organisations that I know have started letting go of their employees. These are just unfortunate and very uncertain times.

Anyway, my thoughts are all over but it's funny how I'm not even stressed because I have no control over the situation. Currently seated with my mum and I've not told her the news yet. Planning to keep it to myself for sometime. 


For those who have lost their jobs due to the USAID cuts how are you navigating? "
My cheating wife,186,https://www.reddit.com/r/Kenya/comments/1j8jr00/my_cheating_wife/,2025-03-11 05:34:57,Kenya,"Extracted from another sub

""When i confronted my father for advice, this is what he told me.

""A cheating woman that has been caught is a dangerous woman.

Women hate being caught cheating, because they'll lose their ""charm"" over you.

Once a woman knows that you're no longer seeing her as virtuous, she'll resent you.

Know this, & save your life."""
Did Your Parents Teach You About Sex as a Child?,30,https://www.reddit.com/r/Kenya/comments/1iivsx4/did_your_parents_teach_you_about_sex_as_a_child/,2025-02-06 05:59:35,Kenya,"Sex, arguably, is a very important topic but African parents never touch on it. Hizi vitu tulikuja kujua ""ukubwani""ü§≠. Is it really that sensitive? I know some of you made mistakes that could have been avoided if your parents gave the closure on this subject. 

As a parent, will you teach your kids on such? Ama utamwacha dunia imfunze in a world without USAID?"
The CIA has a base in Nairobi,32,https://i.redd.it/081eu5s6klpe1.png,2025-03-19 07:15:26,Kenya,
Why western powers back Israel no matter what and Kenya should avoid being a useful idiot,13,https://www.reddit.com/r/Kenya/comments/1jjehwq/why_western_powers_back_israel_no_matter_what_and/,2025-03-25 08:18:04,Kenya,"I don't care what good book you read, but it's clear that Israel is a settler colonial state, The Bible is not a land deed ,never has been and never will be but this post is not about Israel anyway rather it's about what Israel represents and why the West is backing Israel to the hilt but for that we have to go back to 2020 during the COVID crisis.

In 2019 there was a report done that showed that the US and the UK are the two countries that are best prepared for a global pandemic. That was just a theoretical study that was soon put to the test and it showed how horrible these countries were in times of a pandemic, the US led in deaths at over 1.2 million and the UK, despite having a small population came in sixth with about 220 k deaths. Forget the Hollywood movies whereby an American scientist saves the world, this was real life and in real life, Russia developed the first vaccine and took a jab at the Americans calling it Sputnik V. The Russians were rekindling an old wound and reminding the Americans that just like many decades ago they had been the first in Space.

Come 2021 and there was the American withdrawal from Afghanistan. The chaotic withdrawal from Afghanistan was another blow to the American psyche, as the Americans fled, Taliban gunmen with their sandles and often just armed with their AK-47s followed,  it was quite a picture, this was the most powerful country in the world and it had just lost to a bunch of simple farmers ,it must have rekindled memories of Vietnam where the Americans had fled in a similar manner almost 50 years ago.

Then came February 2022 and Putin sent his armies across the Ukrainian frontier ,now this necessitated a reaction ,the western world needed to remind the world who's boss and so they did try. They imposed some of the worst sanctions on Russia and expected economic collapse in short order but alas, it never came. China and India threw their weight behind Russia and this has been enough to counterbalance the sanctions, the Russians even started getting weapons from countries like Iran ,and these weapons were not some innefective toys, they were terrifyingly effective. When the economic front wasn't working they began sending weapons ,offensive weapons and they seemed to have believed their own propaganda which is basically : Any non-western technology = bad, western technology = good. But their wonder weapons were laid to waste and brought back to Russia, another humiliation. But more was to come.

On Oct 7th 2023 at dawn Hamas fighters launched one of the greatest attacks ever on Israel, Israeli divisions in the South disintegrated in the face of this attack and Israel was utterly humiliated, they had just been humiliated by people they had kept under a 17 year blockade and surveilled every section of the border, their high walls and tech just disappeared and was laid to waste. Images of Israeli soldiers crawling and being dragged out of their tanks scattered all over the Internet. This was a bridge too far and Israel and more importantly it's backers i.e the west felt that something had to be done , these people had to be shown who's boss. And so they wrote Israel a blank cheque to do whatever it wants ,Gaza was where they would reinstate their position and Gaza was to pay for all the humiliation of the last 3 years.

A few weeks ago, there was a conference of antisemitism in Europe, that conference was attended by all sorts of parties in Europe, almost all right wing and many zionist jews refused to attend after seeing these parties were attending. They have caught on that they are in bed with snakes, these parties aren't attending because of genuine concern for any jews ,they are allying with Israel because their supporters just like seeing dead arabs and Muslims i.e they are racist. Even the Republican party in America suffers from this phenomenon too. On one hand these parties blame the jews for the uncontrolled immigration,degeneracy and decline in family values in the west and on the other hand they claim to fully support Israel. These people only love the jews when they're killing Arabs which fulfills their racist desires. It's their useful idiot in the middle East.

Kenya and particularly Kenyans should avoid being useful idiots, I've noticed Kenyans like to parrot right wing talking points particularly those that touch on christianity, a Kenyan who's children are probably vaccinated on USAID money will say Trump is great because he is anti-LGBTQ.  You'll find the average Kenyan calling Houthis terrorists and even supporting the construction of a drone base in Kenya to strike the Houthis  ,Houthis that have never in any way shape or form attacked Kenya. Btw this useful Idiocy is what brought Al Shabaab to our borders,  Ethiopia ,another useful Idiot was used by the US to invade Somalia and topple the Islamic courts union (ICU) government, not because the ICU posed any danger to the US but because the Americans claimed that the ICU may one day become like the Taliban and now here we are. Who knows maybe 40 yeard from now the CIA will declassify a memo that showed that the US just wanted to test whether 3rd world countries would be an excellent substitute for American and NATO forces in the war on terror. In other words we are stuck with Al Shabaab because the US wanted to conduct an academic study.

"
Economy,1,https://www.reddit.com/r/Kenya/comments/1jsytyp/economy/,2025-04-06 17:01:41,Kenya,"For the experts in matters economy and finance I ask this politely(mnielezee Kama mtoto tafadhali). How is our country still semi functional? Everyday we hear cases of billions lost here billions lost there. Sometime there was reports of I think 1.3 trillion irregularly withdrawn from the treasury, the dollar has surprisingly been stable at around 129 despite all this and there was the case where funding would be halted by the USAID. How has the economy not crashed yet? Is it normal to lose a third of the budget and still have a running country?"
Need Advice,8,https://www.reddit.com/r/Kenya/comments/1ijthoh/need_advice/,2025-02-07 12:05:39,Kenya,"Hello. Ok, so, I finished High school last year (KCSE) and I need advice on which course I should apply for. I'd say I'm pretty flexible but I'm mainly debating between two courses, Medicine and Surgery vs. Dental Surgery.

I've spoken to different professionals in both fields and all have different things to say. I'd like to weigh demand and working conditions for each of them and how this is expected to change in, say, 7 years, around when I'll graduate. Also, I've seen that there are a lot of unemployed doctors despite there being an apparent demand in the health sector.

Those who are already in the field or are studying at the moment, what would you say about this? And which of the two is likely to be in higher demand in 7 years. Lay people as well, what are the expected trends in the health sector in future (factoring in USAID and everythingüòó).

Also, would it be better to commute from home or to live closer to school in hostels or students residencies, especially for demanding fields. Anyone can answer this, I appreciate any help. I'm also considering Pharmacy and Nursing (BSN).

THANKYOU‚ù§Ô∏è

P.S: Any related advice which I have not exactly asked for here is still very welcome 

Edit: Note that I also intend to specialize, regardless of the field. "
I was promoted then fired,1,https://www.reddit.com/r/Kenya/comments/1ijacze/i_was_promoted_then_fired/,2025-02-06 19:01:36,Kenya,"I need help guys. I lost my job shortly after I got a promotion. Imagine kucelebrate alafu boom! Everything changes and you are left wondering what happened. Am yet to recover from that. Shida ni, I have a family. I started a business but it draining our reserve and it's worrying me. I have never done online jobs please nipeeni ideas on where to start. At this point simind kupoke disiyai macho.  "
The Israel-Gaza War: A Symptom of a Looming Global Showdown,3,https://www.reddit.com/r/Kenya/comments/1iygomq/the_israelgaza_war_a_symptom_of_a_looming_global/,2025-02-26 05:53:21,Kenya,"At first glance, BRICS, the rise of the AfD, Trump, USAID, China, the Russo-Ukraine war, and the surge of right-wing politics in Europe seem unrelated to the conflict in Israel. However, they are all pieces of a larger geopolitical struggle‚Äîone that signals a growing divide between the Global North and the rising Global South.

For decades, Western powers dominated global affairs, leveraging economic sanctions, military interventions, and financial institutions like the IMF and World Bank to maintain control. But this order is being challenged. The first major warning came with the Russia-Ukraine war. When Russia invaded Ukraine, Western nations imposed sweeping sanctions, expecting Russia‚Äôs economy to collapse. Instead, Russia pivoted to the Global South, deepening trade ties with China, India, and other BRICS nations. Not only did Russia‚Äôs economy remain stable, but it also continued producing advanced weaponry without Western technology‚Äîsomething previously thought impossible.

Then came October 7, 2023. Israel, the West‚Äôs key ally in the Middle East, was attacked in an unprecedented assault that exposed severe weaknesses in its security apparatus. Israel‚Äôs much-vaunted military‚Äîlong perceived as invincible‚Äîwas caught off guard and humiliated. This was a serious blow, not just to Israel but to Western hegemony itself. The U.S. withdrawal from Afghanistan in 2021 had already shattered the myth of Western military invulnerability. The Russian invasion of Ukraine further demonstrated that Western deterrence was weakening. If Israel‚Äîa nuclear-armed state backed by the U.S.‚Äîcould be so easily struck, what message would that send to the rest of the world?

Western powers needed to respond forcefully, not just to defend Israel, but to reassert their dominance. Their message is clear: We will arm Israel no matter what. We will support them regardless of civilian casualties. And we will broadcast the destruction of Gaza for all to see‚Äîso you understand that resistance is futile.

This is not just about Israel or Palestine. It‚Äôs about power. The Global North is watching as the Global South‚Äîled by China and supported by Russia‚Äîgrows economically and demographically. BRICS is expanding, challenging the U.S.-led financial order. Right-wing populism is surging in Europe as economic strains push Western nations inward. The U.S. is increasingly relying on military-industrial alliances and foreign interventions to maintain its grip on global affairs.

The Israel-Gaza conflict is a symptom of this broader struggle. It is a power play‚Äîa brutal display meant to reinforce the notion that, despite its decline, the Western order will not relinquish control without a fight. But the cracks are showing, and history suggests that no empire, no matter how dominant, can hold back change forever"
Kwani kenyans support Democrats?,0,https://i.redd.it/vfzxpdpozohe1.png,2025-02-07 10:14:35,Kenya,Somebody wrote this on the USAID situation and got downvoted fast
Make the living rooms uncomfortable again!,28,https://v.redd.it/m4tx7w4ktvge1,2025-02-03 08:08:47,Kenya,"Nowadays hatuna zile ads that used to ruffle a few feathers while delivering that stern message...

Try watching that with parents who'll scheme every way of chasing you away from the living room!  Nyumba kuna censorship si nzuri kabisa! üòÇ

This one from the 90s is wild as well, never saw this: https://youtu.be/FNe4L0Bh1qA?si=zkxyzCyooj6hr6bY"
The Rise of AI-Generated Fake Experts in Health & Nutrition in Kenya,6,https://www.reddit.com/r/Kenya/comments/1imviaz/the_rise_of_aigenerated_fake_experts_in_health/,2025-02-11 10:22:47,Kenya,"In the recent past i have noticed that it‚Äôs impossible to scroll through social media without being bombarded by so-called nutrition and health ""experts"" spewing the same AI-generated advice. ""Seed oils are poison!"", ""Beans are actually carbs, not protein!"", ""Sugar is the root of all evil!"". Of course some of these are true and backed by science but its sickening to have it repackaged for engagement with those doing the repackaging positioning themselves as experts or talking about these things like they are new discoveries.

Most of these ""experts"" wouldn‚Äôt have a clue what they‚Äôre talking about without ChatGPT spoon-feeding them their content. AI has made it incredibly easy to regurgitate information without understanding it. And now, we have an entire economy of influencers charging for things like meal plans; literally just AI-generated templates with fancy branding with Kenyans falling for them.

Many of these pseudo experts don‚Äôt even follow their own advice. They‚Äôll tell you to cook with coconut oil, but step into their kitchen, and you‚Äôll probably find a bottle of Golden Fry sitting right there. The inconsistencies are endless.

The danger in all of this? AI is great at summarizing existing knowledge, but it doesn‚Äôt replace real expertise. Yet, millions are blindly following these pseudo-gurus who have no real background in nutrition, no ability to critically analyze studies, and no accountability when their advice leads to misinformation or harm.

AI should be a tool, not a crutch. But for many, it‚Äôs become their entire personality. And that‚Äôs a serious problem."
Ignorance or malice?,0,https://www.reddit.com/r/Kenya/comments/1inj4k3/ignorance_or_malice/,2025-02-12 04:49:42,Kenya,"I have just watched the MP of Homa Bay defending Trump, saying the reason he does so is because of his stand on LQBTQ+ rights.

Trump is the same man who called African countries shithole countries, and is currently trying to end USAID. Correct me if I'm wrong, but does Homa Bay not have the highest rates of HIV infection in Kenya. Shouldn't he want organizations like USAID to keep on working in healthcare, since they supply ARVs and other stuff for cheaper rates than if we went out there and bought them ourselves.

Si nilidhani MPs are supposed to care about constituents ama. But maybe i shouldn't attribute to malice what can be explained by ignorance. Hadi LGBTQ rights in the US zinamwaffect aje in a largely homophobic country?"
Karibu na mzuri! A day in the life of a job seeker.,5,https://www.reddit.com/r/Kenya/comments/1ijn7sn/karibu_na_mzuri_a_day_in_the_life_of_a_job_seeker/,2025-02-07 04:55:18,Kenya,"Sijui  niite bahati ama kuponea chupu chupu. Nimeitiwa hustle flani nikiwa hapo CBD , nayo mimi afisa mtiifu wa Generali Shillingi ya Kenya nikareport post . post ilikua hapo kamukunji.  I was given a days contract as clerk wa kudistribute  ""jst arrived"" USAID relief food , in my mind I was like this is God , I arrived in town that morning for an interview ya izi mboka za gulf .Anyways kijana nimepiga m&s zangu  za pale T2 safi , navy blue pants n a white shirt, chini  nimefunga hesabu na dark brown boots , Clarks flani I scored gikomba na bei ya Sunday (btw Sunday bei NI ya -wananchi-) .

Alright post pleasantries tume exchange na mama Mikey, ( shes the one who called me in )  nikaonyeshwa desk na mine forms pale tayari , lakini si mnajua Tu mambo ya hii serikali msongo, relief food kwa TV walishapiga picha za exchange handshake, lakini kwa ground Lori ya mikate ndo imefika pekee sasa NI tutegee Lori ya unga na mafuta iko hapo' Uhuru highway'.  

20mins wait ishageuka 3 hrs , ata wenye walikua wamekujia hio aid ikabidi warudi home na hustle kidogo afu wakam mabadae, Mimi nilitoka kwetu malaa 5:30 morning ndo nimake interview ya 8:00 anniversary towers, so pale kwa desk ya mine nishaanza kudrool , si fault yangu men, Kiti ilikua billionaire barn mesh , very comfortable thing ,miguu pale juu ya acquisition form za wenyewe,nikua Nishaanza kuota vile sasa hao clients na investors WA Kai and Karo wamehamia sasa kwa kampuni ya mine long story short niliamshwa na sauti ya glass wall ikimwagika, lakini vile hio sauti ilikua karibu I dared not open my eyes Mimi NI mgonjwa wa macho am keen to protect my eyes more than am eager to see whats happening.

I could feel pieces of glass trickle down my body as if I did sweat silica ,turns out Mike my bosses son was skating around his mom's empty office before he went through the glass wall, I was left  with scratches but two deep cuts on both of my fore arms lost a considerable amount of blood plus sikua nimekula kitu kijana nikashikwa na kizungu zungu na ka light head ache , anyways NI life, nikaruka hapo chemist ,kwa pocket nikona 120 fare exact ya kunirudisha mtaa ikabidi nibuy Bandages hapo and painkillers, 100bob ikazama. Nikishuka complex nirudi offe Ile kamaji ya kumeza dawa ilikua ishaskuma my bladder, nayoo choche nisake base ya kunyora ,

Kijana light headed,sijui nilipiga chuom ngapi before kusettle for the next corner little did I know,chuom NI guarded, like a friend of mine likes to say "" karibu na mzuri"" , hio yako si mbogi , vijana Ka Saba pale, capes NI different colours, donning style NI the same,tip quarter Inches away kufunika brows, (and I swear I did see a familiar face) ,taxin ishawafikisha Maldives kila msee na there bottled water, khat stock at hand na a single half a litre  best gin hapo Kati Kati Yao next to a 'one love' jamming Bluetooth speaker. This isn't usually the best time to back down, ""karibu na .....


""Kuja karibia , let's dooh"", they simultaneously yelped in my moment of hesitation, turns out it was a fave spot for lavatory seekers, on quick thought I told them ' Niko pale offe ya mama Mikey mnatokea hio maneno ya USAID, they sighed in agreement and whispered assurances amongst themselves, pointed me to a trashed piled corner as I gave afew of the  interested fist bumps, did my deed and was out of that corner asap.

Once  out of the back street I realised I didn't come out the same street I came in, but risking retracing my steps back through the same backstreet? Nop!, I'd  take my chances with this Main street that more or less gave  a bigger backstreet vibe , sijui Ka ushai jipata mtaa na hizo mtumba thrift zako za soo soo Unakaa sonkole, ghai! karibu na!

My stubborness and light headedness guided me push further down the street, then a voice yelps "" NI sawa ngapi hapo?"" A thin voice pierced the street.
Only then do I realise bandaging my forearms forced me to roll up my bloodied sleeves exposing my dawn smart watch, 'hii imeenda' , that was my thought , then a deeper one  says 'ebu nilipe' only then do I turn to a 6foot plus  thick dude with an equally thick bushed body evident from his low hanging vest  and pair of low sitting khaki shorts , the other equally tall all covered up in orange dungarees , but bare atleast from his scared chin, both had seemingly meancing grins , ushai perembwa lakini unajua hauna kakitu üòÇ 


I had already made peace with my fate , I tell the guys "" naeza waachia hii gesturing to my watch but peculiarly this niggs weren't interested in my cheap ass watch and walked away the Lebron built one saying something like 'utatulipa' , I quickly reverted to my miss adventure now clearly nikijua I was lost in the efin ghetto, lakini mungu NI Nani the fear of being bulldozed in an unfamiliar environment guided me to a path I was familiar with, I was in shauri Moyo, how I got that far I don't know, that angel that told me to leave my phone at mama Mikey's office ,heaven sent.

Now since I was in familiar environs I decided to take a route that goes through gikomba thrift market wale wanajua hapo rive soko ya viatu, I crossed into the market and window shopped confidently na my 20bob kwa mfuko, but then again as I combed through the crowd I see two familiar faces the two tall dudes right behind me even looking like we are shopping together they give me the same grin ,with my naivenes at the time I dismissed them as friendlies and even start cracking jokes about ladies oversized knickers as we walk together now.


Natembea Tu alafu naanza kuskia nikama nimeanza kutumia energy mob kushinda vile nilikua natumia then I throw my hand into my pockets and I find a phone ,Samsung dual something taped from the mouth piece through the screen to the ear piece and again to the back cover . I ask the dudes ,' hii NI yenu' they quickly yelp 'zii ,si yako' then now reality slaps me the face and I quickly take back steps towards the direction I was going and yank the phone as hard I could back on the road at which one of them (skiny dungaree one) picks up the phone and walks away hastely the other shouts at me 'utatulipa' and he takes off running the other direction, then I go into my other pocket and there's another phone a Nokia mtulutulu now this one taped and rubber held,  these niggs were setting me up for a mob or even get shot. Same thing , I throw the phone out on the road towards their direction,then as I walk away past a mtumba vendor he whispers "" kijana umeokoka wezi sugu "" 
 
Karibu na mzuri!"
Kenya Kwanza,0,https://www.reddit.com/r/Kenya/comments/1jfjh3u/kenya_kwanza/,2025-03-20 07:31:12,Kenya,"There's this video on YouTube https://youtu.be/5mFSRb5dUOM?si=5gaVLrvBRMjtxiVZ

I read a book (forgot it's title, written by Kenyans and Nigerians) highlighting the same, and more, like the loans government take. It was factual with statics and provable data. One example was how Nigerian government got AID, misappropriated and only 10% of it went to the actual use. Yet, that same amount of money wasn't 1% of the national budget.


Has anyone read that book or is possession of it? What's your opinion on the video and USAID being shutdown."
Joblessness is looming,8,https://i.redd.it/lns54cvilyge1.jpeg,2025-02-03 17:28:54,Kenya,
US Aid impact?,5,https://www.reddit.com/r/Kenya/comments/1ix0oig/us_aid_impact/,2025-02-24 12:16:49,Kenya,"Hi, I have been thinking how are the guys that get assistance from US Aid dealing with the situation has the government stepped up or what is happening.

I have for the longest time known that USAid offers ARVs and Prep to guys for cheap or free (I don't really know how it works). Are those drugs still available to those who need them or what is happening.

N.b The reason I'm asking is cause I know Ruto will certainly do nothing about those people or any other group of people that was getting direct assistance from USAid. 

"
Advice for every kenyan who works for an NGO (Non governmental organization),2,https://www.reddit.com/r/Kenya/comments/1iiyykv/advice_for_every_kenyan_who_works_for_an_ngo_non/,2025-02-06 09:48:12,Kenya,"I hate to be the bearer of bad news but the recent move by President Trump to cut donor funding will affect your payslip and i am sure of it. Most NGO's are funded through donor support. Your bosses may not tell you, but in the next 2-3 months, most of you will have to be let go (fired). You need to start making deliberate decisions to prepare for that eventuality. I know you are used to good salaries (200k - 500k) and you probably live in an apartment of 60k-120k. First things first..

1) Look for a cheaper rental house (20k max) that you can afford to pay without struggling.

2) Avoid taking any loans (cars, mortgage) cos this will exacerbate your situation incase you are fired

3) Start thinking of a business you can setup (be smart about it, businesses that target basic needs like food, clothing, shelter tend to do good)

4) Start praying that Trump will change his mind and that the donor support will not be halted."
"[OC] US Spend on Foreign Contraceptives and Condoms by Region, 2012-2023",5,https://i.redd.it/omfftl05q1ge1.png,2025-01-30 06:11:38,Kenya,
Trump's withdrawal of foreign aid,2,https://www.reddit.com/r/Kenya/comments/1ibx8uk/trumps_withdrawal_of_foreign_aid/,2025-01-28 08:41:58,Kenya,"Has anybody here been affected by this? 
I know US education and health programs by USAID and the likes created employment for a lot of  people. Do you think things will go back to the way they were? "
"You guys just believe anything, don't you? Part 4",5,https://www.reddit.com/gallery/1gjekuw,2024-11-04 13:45:50,Kenya,"
Today, we have u/ThmAintUrKids. 

They posted about how they work for an international blah blah blah as a blah blah, but what they really are is a matchmaker between ""hectomillionaires"" and IG models ü§¶‚Äç‚ôÇÔ∏è. 

Cool! üëç

So I asked him only one question and their story collapsed, and they deleted the post.

1st pic is the deleted post. 

2nd is my only question. 

3rd is after they deleted the post. 


I mean, how gullible are some of you? And it's like known popular redditors falling for obvious lies. Wosgoingon? Part 3 was just 2 days ago ü§£
"
"The IMF doesn't put out fires, it starts them..",18,https://imgur.com/052vsK9,2024-06-26 03:46:17,Kenya,
Kenya floods: Costs pressure mounts on country in economic crisis. ,5,https://i.redd.it/33vo7suznfzc1.png,2024-05-09 17:09:56,Kenya,"**Kenya floods: Costs pressure mounts on country in economic crisis**
More than 250 people have died and over 54,000 households, so far, have been displaced.

There were early warnings (https://meteo.go.ke/forecast/seasonal-forecast) that Kenya‚Äôs long rain season ‚Äì between March and May ‚Äì was going to bring above-normal rainfall. The extreme intensity of the rain has resulted in devastating floods in many parts of the country. Forty of the country‚Äôs 47 counties have been affected. More than (https://www.redcross.or.ke/floods/) 250 people have died and over 54,000 households, so far, have been displaced.
Poor maintenance of key infrastructure and drainage systems, and disregard of environmental regulations regarding maintenance of land near rivers, contributed to the situation.
The government has responded with measures to minimise destruction and
safeguard lives. These include ordering the evacuation of households living close to dams (https://www.aljazeera.com/news/2024/5/3/kenya-floods-10) and water reservoirs (https://www.capitalfm.co.ke/news/2024/05/86-families-ordered-to-move-out-of-ruiru-village-in-kijabe/) in 33 counties, and forced evictions (https://www.standardmedia.co.ke/health/nairobi/article/2001494577/residents-living-on-riparian-land-cry-foul-over-forceful-eviction) of those living near rivers. President William Ruto has also announced welfare support for displaced households (https://www.capitalfm.co.ke/news/2024/05/president-ruto-announces-sh10000-stipend-for-displaced-households/).
The effects of the flooding will have a massive impact on Kenya‚Äôs economy. I‚Äôm a development economist (https://www.tegemeo.org/images/_tegemeo_institute/staff_profiles/dr_timothy_njagi_profile.pdf) with 20 years of experience in the field of development planning, policy implementation and research. I‚Äôve also worked with the National Treasury and Economic Planning (https://www.treasury.go.ke/).
I‚Äôm particularly concerned about these things: damage done to transport infrastructure, which will affect the prices for goods and services; destruction of crops, which will affect food security; and business losses, which will affect household incomes and consumer purchasing power.
The cost of repairing what‚Äôs brokenwill also have a major impact on the country‚Äôs budget, which is already stretched.

**The impacts**
**Infrastructure destroyed**
A great deal of infrastructure has been affected.
Besides roads, some dams, airports and water infrastructure will require maintenance.
Floods and a landslide on the railway route between the capital Nairobi and Mombasa forced Kenya Railways (https://ca.news.yahoo.com/kenyas-rail-operator-says-floods-144935922.html?guccounter=1&guce_referrer=aHR0cHM6Ly93d3cuZ29vZ2xlLmNvbS8&guce_referrer_sig=AQAAACdZl4Lw9kOCOkT1iZzN_G4G9VakYCev6Y4ZLhJnnheiU51RSzkRTGQbFGHnxunqEmRejJyEKQVc1JtQ-1KByCGTEkjIkqPfLBkEqD0i6ICfnAC8nYqMaMxUTk-XSRTXsyMVFJqFYKii-Q2DyJkAdHKmkNZ4zrfhkVbZB19c3_ii) to close all cargo services. Nairobi satellite commuter train services were also suspended (https://www.the-star.co.ke/news/2024-05-02-kenya-railways-suspends-nairobi-passenger-train-services/).
Currently, 58 roads have been reported (https://www.redcross.or.ke/wp-content/uploads/2024/05/8-05-2024_-_MAM.pdf) destroyed. Some of these roads (https://www.k24tv.co.ke/news/floods-render-major-roads-impassable-138210/) are key highways, such as the Kapenguria-Lokichar-Lodwar highway, Nakuru-Eldoret road and Oletepesi-Magadi road. The Nakuru-Eldoret road also connects Uganda, Rwanda and Congo.
The road disruptions will immediately raise the cost of transport as goods will go via longer routes. This will have an effect on businesses in the transport, wholesale and retail sectors.
The rains have also affected service infrastructure ‚Äì like water pipelines (https://eastleighvoice.co.ke/city-affairsnews/39520/city-hall-repairs-3-main-water-pipelines-damaged-by-floods) in Nairobi ‚Äì and filled dams to capacity. In one tragic incident, a dam in Kijabe burst its banks (https://www.aljazeera.com/news/2024/4/29/dozens-of-people-dead-in-kenya-floods), flooding villages and killing at least 40 people in the Mai Mahiu area.
The destruction of infrastructure will have a major economic impact. Assessments from the last major flooding (https://onlinelibrary.wiley.com/doi/full/10.1111/jfr3.12746) in 2018 show that the government had to allocate an extra US$120 million (24% of the budget in the previous year) for repairs and maintenance of road infrastructure.
The repairs weren‚Äôt immediate and sometimes weren‚Äôt carried out at all (https://onlinelibrary.wiley.com/doi/full/10.1111/jfr3.12746). The effects were felt for years (https://nation.africa/kenya/news/cost-of-flooding-to-be-felt-for-years-reports-show-48494).
**Cropland destroyed**

Kenya‚Äôs agriculture sector has also been hit hard. Agriculture is vital to the economy, accounting for (https://www.usaid.gov/kenya/agriculture-food-and-water-security) about 33% of the country‚Äôs GDP and employing 40% of the total workforce. It‚Äôs a critical source of livelihood and income for millions of Kenyans.
About 40,000 acres (https://www.redcross.or.ke/floods/) (16,187 hectares) of cropland has already been reported to have been destroyed (https://www.citizen.digital/news/ahero-rice-farmers-count-loses-as-floods-wash-off-plantations-n341619). In the 2018 floods, it was estimated that about 21,000 (https://reliefweb.int/report/kenya/hunger-looms-floods-destroy-crops-sweep-away-animals-east-africa) acres of crops were destroyed and that was a threat to food security. The impact of the floods on Kenya‚Äôs agriculture was substantial, with estimates suggesting billions of Kenyan shillings (https://www.theeastafrican.co.ke/tea/science-health/hunger-looms-as-floods-destroy-crops-sweep-away-animals-in-east-africa-1393560) in crop damage and lost production. Additionally, the floods
triggered landslides and soil erosion.
This time, twice as much land is affected. Farmers in affected areas face a total crop failure, their entire livelihoods washed away. The flooding of 2,000 acres of the Mwea Irrigation Scheme (https://www.standardmedia.co.ke/national/article/2001494684/food-crisis-looms-as-farmers-warn-of-total-crop-failure?utm_source=newsletter&utm_medium=newsletter&utm_campaign=may2024), for instance, is likely to result in losses to the tune of KSh60 million (about US$445,000) in lost crop. This doesn‚Äôt include the loss to businesses that would have used the crop.
So far, the basket regions ‚Äì where most of the staple food production takes place ‚Äì have been spared the worst of the flooding. However, there is a very high likelihood of perishable crops such as vegetables and pulses recording very low yields. They have shorter maturity and may have been waterlogged or swept away.
The effect on food security will likely be felt much longer. Though Kenya has yet to estimate the effect of the flooding on food production, in Tanzania ‚Äì which exports food to Kenya ‚Äì there are estimates that the floods will cause a 30% decline in production this year (https://www.theeastafrican.co.ke/tea/science-health/ea-braces-for-hunger-as-floods-destroy-farms-4612440). Food prices will likely stay high.
**Cost to the purse**
Kenya‚Äôs economy is still recovering from shocks that include high debt distress, global food inflation and exchange rate shock.
The budget estimates (https://www.treasury.go.ke/budget-books-1/) for the next financial year reveal that the government has a delicate balancing act in trying to meet commitments as well as stimulating key sectors of the economy.
To cater for emergency response to the flooding situation, the government has forwarded a supplementary budget of Ksh11 billion (about US$80 million) (https://www.businessdailyafrica.com/bd/economy/government-seeks-mps-nod-on-sh10-6bn-to-combat-floods--4613976) to the National Assembly for approval. This will likely all be spent to provide direct support to households, resettle displaced
households and reconstruct infrastructure such as schools and health facilities.
The government is already struggling to meet revenue targets (https://www.businessdailyafrica.com/bd/economy/kra-in-tough-race-to-collect-sh1-1-trillion-in-four-months--4562510#google_vignette) due to a slowdown in economic performance. The total reconstruction will cost much more, and will divert resources from other sectors.
**Better preparation**
Overall, the current flooding will have long-term effects on the economy. The turnaround depends on the choices that policymakers make. A balance has to be maintained between reconstruction efforts and support to productive sectors of the economy, while offering support to those that have been affected.
There is a need to learn from the current disaster to prepare better for the next climate shock.
First, the disaster response of county
governments must be strengthened. For instance, storm water drainage ‚Äì blamed for much of the flooding in urban areas ‚Äì is a county government function.
Second, there is a need for better coordination between government and non-state actors to ensure more efficient use of resources to support affected households.
Third, with climate shocks becoming more frequent, there is a need to invest in better weather prediction and early warning systems. Then there must be immediate action on the recommendations from these systems, including training for households in areas prone to disasters.
Fourth, better planning in urban settlements is needed. This includes proper maintenance of roads, bridges and drainage infrastructure, adherence to building codes and standards and environmental regulations ‚Äì such as protection of riparian lands.
Finally, investing in generating and creating access to data can help to inform responses and improve planning for reconstruction after disasters.
"
Kenya ranked 114 in World Happiness Report,0,https://www.standardmedia.co.ke/sports/entertainment/article/2001491812/kenya-ranked-114-in-world-happiness-report,2024-03-20 15:02:43,Kenya,
DESPAIR IN HER EYES TOUCHED ME,14,https://www.reddit.com/r/Kenya/comments/9du4fm/despair_in_her_eyes_touched_me/,2018-09-07 13:02:42,Kenya,"I don‚Äôt give to beggars, I believe man should work not make begging a career. GOK hope you are listening, we don‚Äôt need #USAID or #GoodiesFromChina the are going to be our downfall as a country. But this #FeelGoodFriday I gave. Was walking in Ruiru Town and met a woman seated under a shade and she reached out to beg. As usual, I declined by shaking my head negatively, her reaction to this ran down my nerves and touched that empathetic, human part that I always thought I do not have. Realizing she was not gonna get any help from me, probably like it had happened with the other previous passersby, the woman raised her arms, held her head and softly whispered in despair, 'GOD'. One look at her reaction made me realize she was in a tight corner. From my own judgment, I dint think she was your normal beggar, she rather looked more like a mother, who was struggling with a bad season in her life, I imagined maybe she has little ones at home, waiting for her to take home something, maybe they have not eaten for some time because she looked like she was already starving herself and for once in a very long time. Empathy and a sense of humanity overcame me and walked back, reached into my pocket and gave her all the change I had; just about KES 300, I am not a rich man and I use Mpesa a lot instead of cash like any other digitalized young Kenyan  so that‚Äôs all I had right there. She smiled back and said thank you, I did not wonna bother her much with questions because I could not help beyond that (it was what I had there). So I left her and went back to the office and told my mate about it and she said, ‚Äòyou should have asked her story; maybe we could help her more.‚Äô She is out looking for her maybe to add her a few shillings and having better social skills than me, learn a little of her story. 

But remembering that woman, and seeing how the government is trying to solicit more and more from its citizens with unbearable taxes that eventually end up in the pockets of a few looters or end up making developments that do not have a significant effect on ordinary Kenyan, I am deeply saddened. I am yet to see price of commodities decline due to cheap transportation using SGR, I am yet to see price of petroleum products go down now that we are net miners and probably in the near future exporters of crude oil, I am yet to see any positive sign that the country is headed for greatness, rather all I see right, left and center is Kenyans running into despair through an oppressive corrupt system/Government and news of big monies being lost to a few fat or fattening Kenyans who are supposed to be the guardians of the public funds. I see this as an evil parent who keeps asking and asking from his children rather than supporting them. I don‚Äôt know where Kenya is headed, but I know there should be a solution. 

For me the solution is simple: Don‚Äôt borrow, spend what we have effectively (prioritize good development, cut on losses through looting), and build capacity sequentially through net saving to create investments, control population growth (this should be in caps or bold, if you can only feed yourself, you don‚Äôt need to have babies, get a wife/husband who can also feed themselves and make a family of two, one person is enough to console, no need bringing to earth another person who you can‚Äôt support, they will make your life harder, and live a miserable life themselves) till we become self-reliant nation. We can‚Äôt look to live extravagantly on borrowed monies and expect that this will not turn back to haunt us in the near future.

&#x200B;"
Neo-liberalism and The Washington Consensus,1,https://www.reddit.com/r/Kenya/comments/5cuw2f/neoliberalism_and_the_washington_consensus/,2016-11-14 08:01:06,Kenya,"How does Neo- Liberalism and The Washington Consensus affect Kenya and other east African countries, economically?"
Three European nations have asked the Trump administration for their unspent USAID contributions to be refunded.,32644,https://www.abc.net.au/news/2025-03-24/americas-european-allies-want-unspent-usaid-money-back/105088146,2025-03-24 05:32:54,worldnews,
"Independent media in Russia, Ukraine lose their funding with USAID freeze",13491,https://www.washingtonpost.com/world/2025/02/07/ukraine-russia-independent-media-trump-usaid/,2025-02-09 13:21:20,worldnews,
Canada calls USAID shutdown a ‚Äòdangerous retreat‚Äô for foreign aid,3138,https://globalnews.ca/news/11005788/usaid-shutdown-canada-foreign-aid-concerns/,2025-02-08 01:27:50,worldnews,
"Russia Welcomes USAID Cuts, Calls Agency ‚ÄòMachine for Interfering‚Äô",4813,https://www.themoscowtimes.com/2025/02/06/russia-welcomes-usaid-cuts-calls-agency-machine-for-interfering-a87895,2025-02-06 23:18:57,worldnews,
US sends three-person disaster response team to earthquake-stricken Myanmar after USAID gutted,4434,https://www.abc.net.au/news/2025-04-02/myanmar-earthquake-usaid-cuts-emergency-response/105125224,2025-04-03 04:05:50,worldnews,
Authoritarian regimes around the world cheer on dismantling of USAid,2343,https://www.theguardian.com/us-news/2025/feb/06/authoritarian-usaid-elon-musk,2025-02-07 03:37:27,worldnews,
World Health Organization warns of possible tuberculosis surge because of USAID cuts,1627,https://www.nbcnews.com/health/health-news/tuberculosis-surge-possible-usaid-cuts-trump-who-rcna195190,2025-03-16 22:54:45,worldnews,
"Fifty countries affected by USAID freeze, says WHO chief",1295,https://www.bbc.com/news/articles/czj3z290ngyo,2025-02-13 00:35:17,worldnews,
"Russia must withdraw its troops to February 2022 line, Zelenskyy says",37930,https://www.pravda.com.ua/eng/news/2025/02/15/7498475/,2025-02-15 12:44:12,worldnews,
America's European allies are trying to pry their unspent money back from USAID,900,https://apnews.com/article/usaid-trump-foreign-aid-sweden-norway-netherlands-d193b14df4a6a01b5b9c9c1d290b3e32,2025-03-23 13:47:10,worldnews,
"Trump Drastically Expands ‚ÄòGlobal Gag Rule‚Äô On Abortion: 'The policy applies the anti-abortion rule to $8.8 billion in global health funding furnished by the State Department, USAID and the Department of Defense, instead of only $600 million in family planning funding.'",1825,http://www.huffingtonpost.com/entry/donald-trump-global-abortion-policy_us_5919bacae4b0031e737f382e?ncid=inblnkushpmg00000009,2017-05-16 01:33:19,worldnews,
"Remaining USAID staff fired, Trump says Myanmar will still get earthquake aid",298,https://www.reuters.com/world/us/state-department-notified-congress-intent-reorganize-usaid-rubio-says-2025-03-28/,2025-03-29 09:11:18,worldnews,
"Zelensky's trust rating increases to 57%, survey shows, contradicting Trump's claims",9073,https://kyivindependent.com/ukrainians-trust-in-zelensky-increases-to-57-survey-shows/,2025-02-20 04:21:50,worldnews,
USAID Ukraine office ordered to suspend funding for all projects - media,187,https://unn.ua/en/news/usaid-ukraine-office-ordered-to-suspend-funding-for-all-projects-media,2025-01-26 13:41:48,worldnews,
Israel Considering Shutting Down Gaza‚Äôs Electricity in Preparation for Renewed War,1304,https://www.jewishpress.com/news/eye-on-palestine/gaza/israel-considering-shutting-down-gazas-electricity-in-preparation-for-renewed-war/2025/03/03/,2025-03-03 10:53:31,worldnews,
"Ukraine secures preliminary deals to replace USAID funding for critical projects, official says",423,https://kyivindependent.com/ukraine-secures-preliminary-deals-to-replace-usaid-funding-for-critical-projects-senior-official-says/,2025-02-08 13:50:57,worldnews,
Donald Trump to strip all funding from State Dept team promoting women's rights around the world - Leaked plan comes as First Daughter Ivanka defends her father's record with women,79088,http://www.independent.co.uk/news/world/americas/us-politics/donald-trump-budget-2018-state-department-cut-office-global-womens-issues-oxfam-ivanka-a7701631.html,2017-04-25 19:28:40,worldnews,
"Famine declared in parts of Sudan as conflict blocks aid, USAID warns",186,https://sudantribune.com/article295441/,2025-01-05 16:18:28,worldnews,
Health Programs Shutter Around the World After Trump Pauses Foreign Aid,1206,https://www.nytimes.com/2025/02/01/health/trump-aid-malaria-tuberculosis-hiv.html,2025-02-01 22:05:46,worldnews,
"Israel-Texas researchers win top desalination award - Winners of USAID Desal Prize will ‚Äòpay forward‚Äô their $125,000 prize money and expertise to build water plant in Jordan",437,http://www.timesofisrael.com/israel-texas-researchers-win-top-desalination-award/,2015-05-28 00:53:17,worldnews,
"Hamas in financial crisis, unable to pay terrorists after Israel cuts Gaza aid - report",767,https://www.jpost.com/israel-news/article-850425,2025-04-17 21:15:02,worldnews,
"Nigerian lawmakers probe USAID-funded non-profit groups, others, document shows",16,https://www.reuters.com/world/africa/nigerian-lawmakers-probe-usaid-funded-non-profit-groups-others-document-shows-2025-03-19/,2025-03-19 19:03:09,worldnews,
Zelenskiy says Chinese citizens working at drone production site in Russia,2060,https://www.reuters.com/world/europe/zelenskiy-says-chinese-citizens-working-drone-production-site-russia-2025-04-22/,2025-04-22 18:29:57,worldnews,
Biden to send $150 million in military aid to Ukraine as Russia eyes U.S. forces ahead of summit,4344,https://www.newsweek.com/us-send-150-million-ukraine-russia-eyes-us-ahead-summit-1600004,2021-06-11 21:55:52,worldnews,
"How Mike Pence‚Äôs Office Meddled in Foreign Aid to Reroute Money to Favored Christian Groups - Officials at USAID warned that favoring Christian groups in Iraq could be unconstitutional & inflame religious tensions. When one colleague lost her job, they said she had been ‚ÄúPenced.‚Äù",617,https://www.propublica.org/article/how-mike-pences-office-meddled-in-foreign-aid-to-reroute-money-to-favored-christian-groups,2019-11-06 22:09:05,worldnews,
"/r/WorldNews Live Thread: Russian Invasion of Ukraine Day 88, Part 1 (Thread #228)",802,https://www.reddit.com/live/18hnzysb1elcs,2022-05-22 04:02:03,worldnews,
UK hoping to work with China to counteract Trump‚Äôs climate-hostile policies,910,https://www.theguardian.com/environment/2025/mar/14/uk-hoping-to-work-with-china-to-counteract-trumps-climate-hostile-policies,2025-03-17 01:00:25,worldnews,
"Bolivian President Evo Morales orders expulsion of USAID: ""We may be a small country, but we deserve respect""",160,http://www.cnn.com/2013/05/01/world/americas/bolivia-usaid-expelled/index.html,2013-05-02 10:18:34,worldnews,
USAID allocates $12.4 million to support access to health and protection services for women and girls in Ukraine,78,https://www.unfpa.org/updates/usaid-allocates-us124-million-support-access-lifesaving-reproductive-health-and-protection,2022-09-16 20:12:22,worldnews,
"Russia shows USAID the door - After 20 years of working in Russia, USAID officials said they were informed by the Russian government that their services were no longer required.",94,http://rt.com/politics/russia-usaid-putin-washington-elections-474/,2012-09-19 19:39:26,worldnews,
"China warns Hong Kong's last major opposition party to disband, members say",259,https://www.reuters.com/world/asia-pacific/china-warns-hong-kongs-last-major-opposition-party-disband-members-say-2025-04-11/?utm_source=reddit.com,2025-04-11 11:56:22,worldnews,
"USAID partner staff member killed in Tigray,Ethiopia; U.N. condemns killing of nine aid workers so far; both call for protection and investigation.",30,https://addisstandard.com/news-usaid-partner-staff-member-killed-in-tigray-u-n-condemns-killing-of-nine-aid-workers-so-far-both-call-for-protection-and-investigation/,2021-05-20 18:30:18,worldnews,
EU ‚Äòdeeply concerned‚Äô over Hong Kong Democratic Party‚Äôs plan to disband,307,https://www.scmp.com/news/hong-kong/politics/article/3299749/eu-deeply-concerned-over-hong-kong-democratic-partys-plan-disband?module=top_story&pgtype=homepage,2025-02-22 23:53:25,worldnews,
Bangladesh girls forced to cancel football amid Islamist threats,362,https://www.bbc.com/news/articles/cdxnwnye7wko,2025-02-19 10:53:14,worldnews,
"USAID Arriving in Bolivia to 'Monitor Elections,' Raising Fears of US Meddling in May 3 Vote",19,https://www.commondreams.org/news/2020/01/10/usaid-arriving-bolivia-monitor-elections-raising-fears-us-meddling-may-3-vote,2020-01-10 18:22:58,worldnews,
ProPublica: Pence's office pressured USAID to award grants to Christian groups in Iraq,22,https://www.cnn.com/2019/11/06/politics/mike-pence-usaid-iraq-foreign-aid/index.html,2019-11-07 13:50:37,worldnews,
USAID: Understaffed and overwhelmed in Afghanistan,16,http://www.globalpost.com/dispatch/afghanistan/091210/usaid-investigation,2009-12-21 16:56:13,worldnews,
New Documents Show State Department and USAID Working with Soros Group to Channel Money to ‚ÄòMercenary Army‚Äô of Far-Left Activists in Albania - Judicial Watch,0,https://www.judicialwatch.org/press-room/press-releases/judicial-watch-new-documents-show-state-department-and-usaid-working-with-soros-group-to-channel-money-to-mercenary-army-of-far-left-activists-in-albania/,2018-10-08 18:43:12,worldnews,
US strike kills 16 Afghan policemen in Helmand province,643,https://uk.news.yahoo.com/16-afghan-police-killed-us-strike-officials-060104287.html,2017-07-22 12:33:55,worldnews,
"No alternative but to disband Hong Kong‚Äôs Democratic Party, leader says",125,https://hongkongfp.com/2025/04/23/no-alternative-but-to-disband-hong-kongs-democratic-party-leader-says/,2025-04-23 10:17:14,worldnews,
"HIV patient testing falls in South Africa after US aid cuts, data shows",65,https://www.reuters.com/business/healthcare-pharmaceuticals/hiv-patient-testing-falls-south-africa-after-us-aid-cuts-data-shows-2025-05-14/,2025-05-14 14:14:42,worldnews,
"In a meeting held at the US Consulate in Erbil on Thursday, a USAID official pledged $17 million of assistance to Iraq's northern Ninewa province to develop the private sector, including in the largely-destroyed town of Sinjar (Shingal).",5,https://www.kurdistan24.net/en/news/d432ab5b-6d0c-4ea9-8c2c-c2f0502654ad,2019-05-25 19:36:55,worldnews,
US agency USAid infiltrated the Cuban hip-hop scene to spark youth unrest against the government,17,http://www.theguardian.com/world/2014/dec/11/cuban-hip-hop-scene-infiltrated-us-information-youth?CMP=share_btn_fb,2014-12-11 20:34:04,worldnews,
India biggest recipient of US economic assistance over 66-year period: USAID,3,http://www.dawn.com/news/1194228,2016-08-18 04:12:38,worldnews,
"USAID Top Scientist: ""For the first time food production will be limited on a global scale""",22,http://www.naturalblaze.com/2014/04/usaid-top-scientist-for-first-time-food.html,2014-04-18 19:00:54,worldnews,
"U.S. provides over $181 million to avert famine in Tigray, Ethiopia",648,https://www.reuters.com/world/africa/us-provides-over-181-million-avert-famine-tigray-ethiopia-2021-06-09/,2021-06-10 09:34:50,worldnews,
"I'm Anthony Faiola, covering Venezuela as the South America and Caribbean bureau chief for The Washington Post. AMA.",404,https://www.reddit.com/r/worldnews/comments/8pkc9s/im_anthony_faiola_covering_venezuela_as_the_south/,2018-06-08 14:31:46,worldnews,"Hello, I'm Anthony Faiola, and I cover Venezuela for the Washington Post, where I‚Äôm currently the South America and Caribbean bureau chief.

I‚Äôm a 24 year veteran of the Washington Post, and my first trip to Venezuela was back in 1999, when[I interviewed the late leftist revolutionary Hugo Chavez shortly after he won the presidency](https://www.washingtonpost.com/archive/politics/1999/07/27/in-venezuela-a-revolution-from-the-top/73abb025-5596-4925-a62b-24dce5a47f00/?utm_term=.aa2902288c9c). In that interview, he foreshadowed the dramatic changes ahead from his socialist ‚ÄúBolivarian revolution.‚Äù

Almost two decades later, his successor Nicolas Maduro is at the helm, and Venezuela is a broken nation.

In a series of recent trips to Venezuela, I‚Äôve taken a closer look at the myriad problems facing the country. It has the [world‚Äôs highest inflation rate,](https://www.washingtonpost.com/world/the_americas/how-hyperinflation-stole-christmas-in-venezuela/2017/12/22/0a85e876-e06a-11e7-b2e9-8c636f076c76_story.html?utm_term=.1aecb43264fd) massive poverty, growing hunger and a [major health care crisis. It](https://www.washingtonpost.com/world/the_americas/a-venezuelan-woman-had-grown-used-to-shortages-then-her-hiv-drugs-ran-out/2017/09/06/62a7d694-8125-11e7-9e7a-20fa8d7a0db6_story.html?utm_term=.ef55353508ea) is also the staging ground for perhaps the [largest outward flow of migrants in modern Latin American history.](https://www.washingtonpost.com/world/the_americas/a-historic-exodus-is-leaving-venezuela-without-teachers-doctors-and-electricians/2018/06/03/8c6587a8-62d7-11e8-81ca-bb14593acaa6_story.html?utm_term=.4c8ad562d876) I‚Äôve additionally reported on Venezuela‚Äôs conversion into what critics call the world‚Äôs newest dictatorship, and studied the impact of the Venezuelan migration to country‚Äôs across the region.

[Proof](https://twitter.com/Anthony_Faiola/status/1004831135959003136)

I‚Äôm eager to answer your questions on all this and anything else Venezuela. We‚Äôll be starting at 11 a.m. ET. Looking forward."
Fraud & bribery in Syrian aid programs exposed by USAID (United States Agency for International Development),7,http://www.reuters.com/article/us-mideast-crisis-syria-aid-idUSKCN0ZV218,2016-07-15 16:15:30,worldnews,
Pakistan moves closer to Bangladesh as India watches warily,57,https://www.bbc.com/news/articles/cge1gxxn07qo,2025-03-17 03:17:21,worldnews,
USAID programme used young Latin Americans to attempt to incite Cuba rebellion,1,http://www.theguardian.com/world/2014/aug/04/usaid-latin-americans-cuba-rebellion-hiv-workshops,2014-08-04 15:43:20,worldnews,
"In first trip, new USAID chief visits Sudan as sanctions deadline nears, where he will assess whether Khartoum has done enough to get help into conflict areas to deserve eased sanctions.",4,http://www.reuters.com/article/us-usa-aid-sudan-idUSKCN1B70PM?feedType=RSS&feedName=worldNews,2017-08-27 19:08:43,worldnews,
USAID administrator Shah resigns ‚Äî The agency faced questions about a variety of programs it was accused of setting up to incite unrest,7,http://www.mcclatchydc.com/2014/12/17/250315/usaid-administrator-shah-resigns.html,2014-12-18 02:49:11,worldnews,
Cambodian PM calls US democracy 'bloody and brutal' in row over USAID-funded NGO,0,https://www.rt.com/news/400811-cambodia-us-ngo-row-democracy/,2017-08-25 07:04:07,worldnews,
"USAID Closes Shop in Ecuador | Ecuador's government has long accused USAID, The United States' top governmental aid agency, of being part of plots to destabilize the country.",7,http://www.telesurtv.net/english/news/USAID-Closes-Shop-in-Ecuador--20141001-0095.html,2014-10-03 03:27:24,worldnews,
USAID Hired Writers for ‚ÄòCuban Twitter‚Äô,24,http://news.antiwar.com/2014/04/09/usaid-hired-writers-for-cuban-twitter/,2014-04-10 05:24:21,worldnews,
Bolivia‚Äôs President Morales expels USAID for allegedly seeking to undermine his government,18,http://www.washingtonpost.com/world/the_americas/bolivias-president-morales-expels-usaid-accused-it-of-working-against-him/2013/05/01/00e1ce28-b263-11e2-9fb1-62de9581c946_story.html,2013-05-01 19:39:35,worldnews,
USAID Funds Honduran Company Implicated in Berta Caceres Murder,7,http://www.telesurtv.net/english/news/USAID-Funds-Honduran-Company-Implicated-in-Berta-Caceres-Murder-20160529-0019.html,2016-05-29 18:22:24,worldnews,
USAID Says Building Of 'Cuban Twitter' Was Part Of Public Record,6,http://www.npr.org/blogs/thetwo-way/2014/04/07/300285197/usaid-says-building-of-cuban-twitter-was-part-of-public-record,2014-04-08 17:55:02,worldnews,
Revealed: USAID ‚ÄòCuban Twitter‚Äô contractor given secret level clearance,25,http://america.aljazeera.com/articles/2014/4/14/secret-cuba-twitter.html,2014-04-14 13:44:28,worldnews,
USAID programme used young Latin Americans to incite Cuba rebellion,7,http://www.theguardian.com/world/2014/aug/04/usaid-latin-americans-cuba-rebellion-hiv-workshops?cmp=wp-plugin,2014-08-04 13:38:05,worldnews,
Bill and Melinda Gates Foundation and USAID hosted a meeting in London with big agribusinesses to discuss strategies to increase corporate control over seeds in Africa.,6,http://www.commondreams.org/views/2015/03/27/gates-foundation-vs-world-social-forum-tale-two-meetings,2015-03-28 13:34:34,worldnews,
"Senator Bob Corker says, USAID Contracting in Afghanistan undermines National Security, contractors have been indicted on criminal charges ranging from bribery, fraud and gross over-billing.",18,http://sputniknews.com/us/20150117/1017005125.html,2015-01-17 02:36:13,worldnews,
More than $1 billion in Power Africa commitments finalized - USAID chief,1,http://uk.reuters.com/article/us-energy-africa-usa-idUKKCN11R0F3,2016-09-21 05:57:57,worldnews,
USAID beefs support for Ukrainian media amid fresh military clashes in the east,3,http://www.washingtontimes.com/news/2014/may/2/usaid-beefs-support-for-ukrainian-media-amid-fresh/,2014-05-04 18:15:47,worldnews,
USAID DART team helps pull teen boy from rubble 5 days after the earthquake in Nepal.,2,http://www.washingtonpost.com/world/rescuers-pull-nepalese-teen-out-from-under-rubble-five-days-after-quake/2015/04/30/8adc6c0c-ef09-11e4-a55f-38924fca94f9_story.html?wprss=rss_world,2015-04-30 19:36:23,worldnews,
USAID chief dodges revealing mastermind of secret 'Cuban Twitter' project,1,http://rt.com/news/cuba-usaid-senate-zunzuneo-241/,2014-04-09 15:11:05,worldnews,
"According to USAID coordinates, a U.S.-funded Afghanistan hospital is in the sea",2,http://www.washingtonpost.com/news/powerpost/wp/2015/07/01/watchdog-according-to-usaid-coordinates-a-u-s-funded-afghanistan-hospital-is-in-the-sea/,2015-07-01 12:42:24,worldnews,
USAID contractor Alan Gross who is jailed in Cuba goes on hunger strike,7,http://www.globalpost.com/dispatch/news/regions/americas/cuba/140408/us-aid-agency-contractor-alan-gross-jailed-cuba-goes-hung,2014-04-08 16:00:14,worldnews,
"USAid covertly influencing political processes, says Russia ‚Äî
Russian foreign ministry explains decision to expel the US agency for international development",20,http://www.guardian.co.uk/world/2012/sep/19/usaid-covertly-influence-politics-russia,2012-09-19 13:45:16,worldnews,
"At odds with Ecuador, USAID moves to leave: USAID expects to close its doors in Ecuador by September 2014 due to an increasingly acrimonious relationship with President Rafael Correa. This comes six months after it was kicked out of Bolivia.",8,http://www.csmonitor.com/World/Americas/2013/1214/At-odds-with-Ecuador-USAID-moves-to-leave,2013-12-14 16:37:41,worldnews,
"An ambitious U.S.-funded project to build hospitals in Afghanistan faces failure, with the largest hospital ever planned in the country unlikely to open in full, U.S. and Afghan officials said | The $60mn project by the USAID started in 08 and aimed to meet the needs of over 2 million Afghans by 09.",2,http://www.reuters.com/article/2014/03/05/afghanistan-aid-idUSL5N0LI0IY20140305?rpc=401&feedType=RSS&feedName=rbssHealthcareNews&rpc=401,2014-03-05 12:57:34,worldnews,
Covert USAID Cuba hip-hop project 'reckless',2,http://bigstory.ap.org/article/548798feb950406d8e23186e77359f8f/us-co-opted-cubas-hip-hop-scene-spark-change,2014-12-11 22:45:45,worldnews,
"In thawing of ties, U.S. releases Cuban 5 members, Cuba releases USAID subcontractor Alan Gross",2,http://www.democracynow.org/blog/2014/12/17/in_thawing_of_ties_us_releases,2014-12-18 09:03:04,worldnews,
Ukraine reels from ‚Äòworst-case scenario‚Äô suspension of US foreign aid with a variety of projects in the country effectively stopped overnight,323,https://www.theguardian.com/world/2025/jan/29/ukraine-trump-suspension-us-foreign-aid-usaid,2025-01-29 19:24:00,worldnews,
USAID Cancels Controversial Contract Proposal for ‚ÄúPositive Images‚Äù of Its Work in Afghanistan,0,http://www.allgov.com/news/us-and-the-world/usaid-cancels-controversial-contract-proposal-for-positive-images-of-its-work-in-afghanistan-140217?news=852459,2014-02-17 18:24:28,worldnews,
"Because accusations of USAID fraud in Afghan hospital building projects made it to FrontPage, here's the other side of the story: dramatically improving Afghan health",5,http://www.theatlantic.com/international/archive/2013/10/heres-the-best-thing-the-us-has-done-in-afghanistan/280484/,2013-10-24 15:12:43,worldnews,
"USAID mission in Russia to close following Moscow decision
| Reuters",15,http://www.reuters.com/article/2012/09/18/us-usa-russia-aid-idUSBRE88H11E20120918,2012-09-18 17:43:47,worldnews,
Al Qaeda-Linked Syria Group Enjoying USAID? You‚Äôve Got to See This to Believe It,2,http://www.globalresearch.ca/al-qaeda-linked-syria-group-enjoying-usaid-youve-got-to-see-this-to-believe-it/5351507,2013-09-26 00:47:58,worldnews,
Why USAID‚Äôs Crisis Map of Syria is so Unique,1,http://irevolution.net/2012/11/27/usaid-crisis-map-syria/,2012-11-28 08:39:34,worldnews,
"Taxpayer money funneled to Taliban: USAID report finds Afghan subcontractors were likely paying a ""protection tax"" to local insurgents, including the Taliban.",14,http://www.globalpost.com/dispatch/afghanistan/100930/taliban-usaid-taxpayer-dollars,2010-10-03 22:02:52,worldnews,
USAid shuts down Russia operation,10,http://www.bbc.co.uk/news/world-europe-19644897,2012-09-19 05:50:13,worldnews,
USAid and DfID join forces to eliminate trachoma in Mozambique,2,http://www.theguardian.com/global-development-professionals-network/2013/oct/15/trachoma-blinding-disease-usaid,2013-10-15 15:52:41,worldnews,
Russia expels USAID for 'political meddling' - CSMonitor.com,9,http://www.csmonitor.com/Media/Content/2012/0919-Russia-USAID-AFP-video,2012-09-20 04:54:35,worldnews,
Moscow Shuts Down USAID Activities In Russia,9,http://www.rferl.org/content/moscow-shuts-down-usaid-activities-in-russia/24712579.html,2012-09-19 07:49:24,worldnews,
"At the U.N., China is deploying a growing army of puppet organizations to monitor and intimidate human rights activists",140,https://www.icij.org/investigations/china-targets/united-nations-ngo-gongo-intimidate-human-rights/,2025-04-28 17:04:12,worldnews,
US Protest at USAID Bolivia Decision,1,http://bbc.co.uk/news/world-latin-america-22370494,2013-05-02 06:05:25,worldnews,
USAID Expelled from Bolivia,0,http://www.cepr.net/index.php/blogs/the-americas-blog/bolivia-expels-usaid-not-why-but-why-not-sooner,2013-05-02 02:23:58,worldnews,
"USAID work halted in Russia, dealing blow to Obama‚Äôs ‚Äòreset‚Äô in US-Russian relations",5,http://www.washingtonpost.com/world/national-security/usaid-work-halted-in-russia-dealing-blow-to-obamas-reset-in-us-russian-relations/2012/09/18/33d940ca-01b7-11e2-bbf0-e33b4ee2f0e8_story.html?hpid=z1,2012-09-18 18:18:30,worldnews,
Funding cut for team tracking Ukrainian abductions ~20k since Russia invaded,274,https://www.pravda.com.ua/eng/news/2025/03/15/7503018/index.amp?,2025-03-15 15:06:36,worldnews,
Russia accuses USAID of trying to sway elections - chron,1,http://www.chron.com/news/article/Russia-accuses-USAID-of-trying-to-sway-elections-3876425.php,2012-09-19 12:41:20,worldnews,
"Cisco Systems, and the U.S. Agency for International Development (USAID) plans to spend up to $50 million to promote the use of internet among Russian officials and civilians.",5,http://en.rian.ru/russia/20111014/167702989.html,2011-10-14 23:21:19,worldnews,
Just Stop Oil quits direct action as eco-activists end years of protest chaos,49,https://www.standard.co.uk/news/uk/just-stop-oil-direct-action-parliament-square-climate-change-b1219191.html,2025-03-27 11:39:54,worldnews,
Pakistan floods update: Jihadists threaten USAID chief at flood relief camp,0,http://www.examiner.com/geopolitics-in-national/pakistan-floods-update-jihadists-threaten-usaid-chief-at-flood-relief-camp,2010-08-27 20:22:25,worldnews,
Hong Kong's biggest pro-democracy party moves to disband as freedoms dwindle,131,https://apnews.com/article/hong-kong-china-democratic-party-disbanded-b976f875d830199d929cefc6c3c0dca7,2025-04-12 08:35:12,worldnews,
Hong Kong's last major pro-democracy party moves to disband,133,https://www.reuters.com/world/china/hong-kongs-last-major-pro-democracy-party-moves-disband-2025-02-20/,2025-02-20 20:16:44,worldnews,
China deploys NGOs to quash criticism at U.N. organizations in Geneva,47,https://www.washingtonpost.com/world/2025/04/28/china-ngos-un-geneva/?utm_campaign=wp_main&utm_medium=social&utm_source=reddit.com&utm_source=reddit.com,2025-04-28 18:43:39,worldnews,
Foreign aid freeze decimates investigative news outlets internationally,84,https://www.icij.org/inside-icij/2025/02/foreign-aid-freeze-decimates-investigative-news-outlets-internationally/,2025-02-13 18:50:34,worldnews,
Nicaragua arrests potential challengers to President Daniel Ortega ahead of elections,303,https://www.nbcnews.com/news/latino/nicaragua-arrests-potential-challengers-president-daniel-ortega-rcna1154,2021-06-10 02:25:09,worldnews,
"Russian ships carrying stolen Ukrainian grains are likely headed to Syria, Kyiv says",315,https://markets.businessinsider.com/news/commodities/russian-ships-stolen-ukraine-grain-headed-syria-middle-east-2022-5,2022-05-11 19:21:45,worldnews,
"US to transfer Skydio drones, which are meant to document war crimes, to Ukraine",98,https://www.pravda.com.ua/eng/news/2023/07/28/7413181/,2023-07-28 06:31:26,worldnews,
"S.Korea, US, Japan hold 1st trilateral working-level talks on humanitarian aid",64,https://m.koreatimes.co.kr/pages/article.asp?newsIdx=362215,2023-10-31 11:57:47,worldnews,
Georgia prisons minister resigns after revelations of inmate torture and rape,260,http://www.euronews.com/2012/09/19/georgia-prisons-minister-resigns-after-revelations-of-inmate-torture-and-rape/,2012-09-19 11:48:33,worldnews,
"Taiwan, U.S. ink pacts to boost aid to Paraguay, Pacific nations",70,https://focustaiwan.tw/politics/202211040012,2022-11-04 12:04:05,worldnews,
Ethiopia: Hospitals under strain from conflict,67,https://www.icrcnewsroom.org/preview/en/2008/ethiopia-hospitals-under-strain-from-conflict?mc_phishing_protection_id=28048-c9npmrn0s0vbpor96db0,2022-05-02 15:14:58,worldnews,
Cuba offers to swap US spy for 5 Cubans imprisoned in the US,60,http://america.cubaminrex.cu/English/5PoliticalPrisoners/Articles/Press/2012/CUBAN.html,2012-01-20 12:09:47,worldnews,
Taiwan to decide whether to boycott 2022 Beijing Winter Olympics,9,https://focustaiwan.tw/sports/202112070021,2021-12-10 08:07:29,worldnews,
Morgan Tsvangirai's wife 'killed by US aid truck',82,http://www.telegraph.co.uk/news/worldnews/africaandindianocean/zimbabwe/4952747/Morgan-Tsvangirais-wife-killed-by-US-aid-truck.html,2009-03-07 11:53:59,worldnews,
Chaos erupts as caravan reaches Mexico border,32,https://edition.cnn.com/2018/10/19/americas/caravan-mexico-border/index.html,2018-10-20 11:57:21,worldnews,
Trump‚Äôs Cuts To Aid For Palestinians Have Totally Disrupted Women‚Äôs Breast Cancer Treatments,9,https://www.buzzfeednews.com/article/meghara/palestinian-women-breast-cancer-trump-usaid-aid-cuts-gaza,2019-03-05 18:42:48,worldnews,
Ecuador: WikiLeaks exposes how US sought to stop democratic process,110,https://www.greenleft.org.au/node/57362,2014-09-15 03:14:25,worldnews,
US government provides $173m Bangladesh to counter Covid-19,7,https://thewonderweb.org/us-government-provides-173m-bangladesh-to-counter-covid-19/,2020-06-15 17:30:09,worldnews,
Watchdog Tries to Verify Coordinates of Afghan Health Clinics; Gets a Surprise,22,https://firstlook.org/theintercept/2015/07/01/watchdog-tries-verify-coordinates-afghan-health-clinics-hilarity-ensues/,2015-07-01 21:28:37,worldnews,
Humanitarian Aid Arrives For Venezuela ‚Äî But Maduro Blocks It,10,https://www.npr.org/2019/02/08/692698637/humanitarian-aid-arrives-for-venezuela-but-maduro-blocks-it,2019-02-10 00:52:28,worldnews,
Putin says West may use NGOs to stir unrest in Russia,21,http://www.news-republic.com/Web/ArticleWeb.aspx?regionid=1&articleid=21324314,2014-04-07 17:14:01,worldnews,
"U.S. expands food, health aid to Ethiopia, Kenya amid crisis",40,http://www.reuters.com/article/us-usa-africa-famine-idUSKBN1AJ21J?il=0,2017-08-03 21:18:18,worldnews,
"Will the meeting in Rome result in action against food speculation?  The idea that speculating on food prices has become a way for western financial institutions to make money at the cost of lives is abhorrent
",30,http://www.guardian.co.uk/global-development/poverty-matters/2010/sep/24/food-speculation-olivier-de-schutter,2010-09-24 19:51:38,worldnews,
"Al-Qaida says it killed Bangladesh gay activist, friend",8,http://bigstory.ap.org/article/ee7bcb4e446048b0a1be72b4ed60edd7/bangladesh-vows-justice-killing-usaid-worker-friend,2016-04-26 10:00:45,worldnews,
China investigates Canadian couple suspected of stealing state secrets,1,http://www.cnn.com/2014/08/05/world/asia/china-canada-secrets/index.html?utm_source=feedburner&utm_medium=feed&utm_campaign=Feed%3A+rss%2Fcnn_topstories+%28RSS%3A+Top+Stories%29,2014-08-05 17:48:39,worldnews,
